patient_id,file_type,spacing_x,spacing_y,spacing_z,status
BraTS-MEN-RT-0002-1,bet,1.0,1.0,1.0,ok
BraTS-MEN-RT-0002-1,bet_mask,1.0,1.0,1.0,ok
BraTS-MEN-RT-0002-1,gtv_mask,1.0,1.0,1.0,ok
BraTS-MEN-RT-0003-1,bet,1.0,1.0,1.0,ok
BraTS-MEN-RT-0003-1,bet_mask,1.0,1.0,1.0,ok
BraTS-MEN-RT-0003-1,gtv_mask,1.0,1.0,1.0,ok
BraTS-MEN-RT-0004-1,bet,1.0,1.0,1.0,ok
BraTS-MEN-RT-0004-1,bet_mask,1.0,1.0,1.0,ok
BraTS-MEN-RT-0004-1,gtv_mask,1.0,1.0,1.0,ok
BraTS-MEN-RT-0005-1,bet,1.0,1.0,1.0,ok
BraTS-MEN-RT-0005-1,bet_mask,1.0,1.0,1.0,ok
BraTS-MEN-RT-0005-1,gtv_mask,1.0,1.0,1.0,ok
BraTS-MEN-RT-0006-1,bet,1.0,1.0,1.0,ok
BraTS-MEN-RT-0006-1,bet_mask,1.0,1.0,1.0,ok
BraTS-MEN-RT-0006-1,gtv_mask,1.0,1.0,1.0,ok
BraTS-MEN-RT-0007-1,bet,1.0,1.0,1.0,ok
BraTS-MEN-RT-0007-1,bet_mask,1.0,1.0,1.0,ok
BraTS-MEN-RT-0007-1,gtv_mask,1.0,1.0,1.0,ok
BraTS-MEN-RT-0009-1,bet,1.0,1.0,1.0,ok
BraTS-MEN-RT-0009-1,bet_mask,1.0,1.0,1.0,ok
BraTS-MEN-RT-0009-1,gtv_mask,1.0,1.0,1.0,ok
BraTS-MEN-RT-0015-1,bet,1.0,1.0,1.0,ok
BraTS-MEN-RT-0015-1,bet_mask,1.0,1.0,1.0,ok
BraTS-MEN-RT-0015-1,gtv_mask,1.0,1.0,1.0,ok
BraTS-MEN-RT-0016-1,bet,1.0,1.0,1.0,ok
BraTS-MEN-RT-0016-1,bet_mask,1.0,1.0,1.0,ok
BraTS-MEN-RT-0016-1,gtv_mask,1.0,1.0,1.0,ok
BraTS-MEN-RT-0017-1,bet,1.0,1.0,1.0,ok
BraTS-MEN-RT-0017-1,bet_mask,1.0,1.0,1.0,ok
BraTS-MEN-RT-0017-1,gtv_mask,1.0,1.0,1.0,ok
BraTS-MEN-RT-0018-1,bet,1.0,1.0,1.0,ok
BraTS-MEN-RT-0018-1,bet_mask,1.0,1.0,1.0,ok
BraTS-MEN-RT-0018-1,gtv_mask,1.0,1.0,1.0,ok
BraTS-MEN-RT-0023-1,bet,1.0,1.0,1.0,ok
BraTS-MEN-RT-0023-1,bet_mask,1.0,1.0,1.0,ok
BraTS-MEN-RT-0023-1,gtv_mask,1.0,1.0,1.0,ok
BraTS-MEN-RT-0024-1,bet,1.0,1.0,1.0,ok
BraTS-MEN-RT-0024-1,bet_mask,1.0,1.0,1.0,ok
BraTS-MEN-RT-0024-1,gtv_mask,1.0,1.0,1.0,ok
BraTS-MEN-RT-0026-1,bet,1.0,1.0,1.0,ok
BraTS-MEN-RT-0026-1,bet_mask,1.0,1.0,1.0,ok
BraTS-MEN-RT-0026-1,gtv_mask,1.0,1.0,1.0,ok
BraTS-MEN-RT-0029-1,bet,1.0,1.0,1.0,ok
BraTS-MEN-RT-0029-1,bet_mask,1.0,1.0,1.0,ok
BraTS-MEN-RT-0029-1,gtv_mask,1.0,1.0,1.0,ok
BraTS-MEN-RT-0030-1,bet,1.0,1.0,1.0,ok
BraTS-MEN-RT-0030-1,bet_mask,1.0,1.0,1.0,ok
BraTS-MEN-RT-0030-1,gtv_mask,1.0,1.0,1.0,ok
BraTS-MEN-RT-0031-1,bet,1.0,1.0,1.0,ok
BraTS-MEN-RT-0031-1,bet_mask,1.0,1.0,1.0,ok
BraTS-MEN-RT-0031-1,gtv_mask,1.0,1.0,1.0,ok
BraTS-MEN-RT-0033-1,bet,1.0,1.0,1.0,ok
BraTS-MEN-RT-0033-1,bet_mask,1.0,1.0,1.0,ok
BraTS-MEN-RT-0033-1,gtv_mask,1.0,1.0,1.0,ok
BraTS-MEN-RT-0035-1,bet,1.0,1.0,1.0,ok
BraTS-MEN-RT-0035-1,bet_mask,1.0,1.0,1.0,ok
BraTS-MEN-RT-0035-1,gtv_mask,1.0,1.0,1.0,ok
BraTS-MEN-RT-0037-1,bet,1.0,1.0,1.0,ok
BraTS-MEN-RT-0037-1,bet_mask,1.0,1.0,1.0,ok
BraTS-MEN-RT-0037-1,gtv_mask,1.0,1.0,1.0,ok
BraTS-MEN-RT-0044-1,bet,1.0,1.0,1.0,ok
BraTS-MEN-RT-0044-1,bet_mask,1.0,1.0,1.0,ok
BraTS-MEN-RT-0044-1,gtv_mask,1.0,1.0,1.0,ok
BraTS-MEN-RT-0046-1,bet,1.0,1.0,1.0,ok
BraTS-MEN-RT-0046-1,bet_mask,1.0,1.0,1.0,ok
BraTS-MEN-RT-0046-1,gtv_mask,1.0,1.0,1.0,ok
BraTS-MEN-RT-0048-1,bet,1.0,1.0,1.0,ok
BraTS-MEN-RT-0048-1,bet_mask,1.0,1.0,1.0,ok
BraTS-MEN-RT-0048-1,gtv_mask,1.0,1.0,1.0,ok
BraTS-MEN-RT-0051-1,bet,1.0,1.0,1.0,ok
BraTS-MEN-RT-0051-1,bet_mask,1.0,1.0,1.0,ok
BraTS-MEN-RT-0051-1,gtv_mask,1.0,1.0,1.0,ok
BraTS-MEN-RT-0052-1,bet,1.0,1.0,1.0,ok
BraTS-MEN-RT-0052-1,bet_mask,1.0,1.0,1.0,ok
BraTS-MEN-RT-0052-1,gtv_mask,1.0,1.0,1.0,ok
BraTS-MEN-RT-0054-1,bet,1.0,1.0,1.0,ok
BraTS-MEN-RT-0054-1,bet_mask,1.0,1.0,1.0,ok
BraTS-MEN-RT-0054-1,gtv_mask,1.0,1.0,1.0,ok
BraTS-MEN-RT-0055-1,bet,1.0,1.0,1.0,ok
BraTS-MEN-RT-0055-1,bet_mask,1.0,1.0,1.0,ok
BraTS-MEN-RT-0055-1,gtv_mask,1.0,1.0,1.0,ok
BraTS-MEN-RT-0056-1,bet,1.0,1.0,1.0,ok
BraTS-MEN-RT-0056-1,bet_mask,1.0,1.0,1.0,ok
BraTS-MEN-RT-0056-1,gtv_mask,1.0,1.0,1.0,ok
BraTS-MEN-RT-0057-1,bet,1.0,1.0,1.0,ok
BraTS-MEN-RT-0057-1,bet_mask,1.0,1.0,1.0,ok
BraTS-MEN-RT-0057-1,gtv_mask,1.0,1.0,1.0,ok
BraTS-MEN-RT-0058-1,bet,1.0,1.0,1.0,ok
BraTS-MEN-RT-0058-1,bet_mask,1.0,1.0,1.0,ok
BraTS-MEN-RT-0058-1,gtv_mask,1.0,1.0,1.0,ok
BraTS-MEN-RT-0059-1,bet,1.0,1.0,1.0,ok
BraTS-MEN-RT-0059-1,bet_mask,1.0,1.0,1.0,ok
BraTS-MEN-RT-0059-1,gtv_mask,1.0,1.0,1.0,ok
BraTS-MEN-RT-0060-1,bet,1.0,1.0,1.0,ok
BraTS-MEN-RT-0060-1,bet_mask,1.0,1.0,1.0,ok
BraTS-MEN-RT-0060-1,gtv_mask,1.0,1.0,1.0,ok
BraTS-MEN-RT-0062-1,bet,1.0,1.0,1.0,ok
BraTS-MEN-RT-0062-1,bet_mask,1.0,1.0,1.0,ok
BraTS-MEN-RT-0062-1,gtv_mask,1.0,1.0,1.0,ok
BraTS-MEN-RT-0063-1,bet,1.0,1.0,1.0,ok
BraTS-MEN-RT-0063-1,bet_mask,1.0,1.0,1.0,ok
BraTS-MEN-RT-0063-1,gtv_mask,1.0,1.0,1.0,ok
BraTS-MEN-RT-0064-1,bet,1.0,1.0,1.0,ok
BraTS-MEN-RT-0064-1,bet_mask,1.0,1.0,1.0,ok
BraTS-MEN-RT-0064-1,gtv_mask,1.0,1.0,1.0,ok
BraTS-MEN-RT-0065-1,bet,1.0,1.0,1.0,ok
BraTS-MEN-RT-0065-1,bet_mask,1.0,1.0,1.0,ok
BraTS-MEN-RT-0065-1,gtv_mask,1.0,1.0,1.0,ok
BraTS-MEN-RT-0066-1,bet,1.0,1.0,1.0,ok
BraTS-MEN-RT-0066-1,bet_mask,1.0,1.0,1.0,ok
BraTS-MEN-RT-0066-1,gtv_mask,1.0,1.0,1.0,ok
BraTS-MEN-RT-0067-1,bet,1.0,1.0,1.0,ok
BraTS-MEN-RT-0067-1,bet_mask,1.0,1.0,1.0,ok
BraTS-MEN-RT-0067-1,gtv_mask,1.0,1.0,1.0,ok
BraTS-MEN-RT-0069-1,bet,1.0,1.0,1.0,ok
BraTS-MEN-RT-0069-1,bet_mask,1.0,1.0,1.0,ok
BraTS-MEN-RT-0069-1,gtv_mask,1.0,1.0,1.0,ok
BraTS-MEN-RT-0070-1,bet,1.0,1.0,1.0,ok
BraTS-MEN-RT-0070-1,bet_mask,1.0,1.0,1.0,ok
BraTS-MEN-RT-0070-1,gtv_mask,1.0,1.0,1.0,ok
BraTS-MEN-RT-0071-1,bet,1.0,1.0,1.0,ok
BraTS-MEN-RT-0071-1,bet_mask,1.0,1.0,1.0,ok
BraTS-MEN-RT-0071-1,gtv_mask,1.0,1.0,1.0,ok
BraTS-MEN-RT-0072-1,bet,1.0,1.0,1.0,ok
BraTS-MEN-RT-0072-1,bet_mask,1.0,1.0,1.0,ok
BraTS-MEN-RT-0072-1,gtv_mask,1.0,1.0,1.0,ok
BraTS-MEN-RT-0073-1,bet,1.0,1.0,1.0,ok
BraTS-MEN-RT-0073-1,bet_mask,1.0,1.0,1.0,ok
BraTS-MEN-RT-0073-1,gtv_mask,1.0,1.0,1.0,ok
BraTS-MEN-RT-0074-1,bet,1.0,1.0,1.0,ok
BraTS-MEN-RT-0074-1,bet_mask,1.0,1.0,1.0,ok
BraTS-MEN-RT-0074-1,gtv_mask,1.0,1.0,1.0,ok
BraTS-MEN-RT-0076-1,bet,1.0,1.0,1.0,ok
BraTS-MEN-RT-0076-1,bet_mask,1.0,1.0,1.0,ok
BraTS-MEN-RT-0076-1,gtv_mask,1.0,1.0,1.0,ok
BraTS-MEN-RT-0077-1,bet,1.0,1.0,1.0,ok
BraTS-MEN-RT-0077-1,bet_mask,1.0,1.0,1.0,ok
BraTS-MEN-RT-0077-1,gtv_mask,1.0,1.0,1.0,ok
BraTS-MEN-RT-0078-1,bet,1.0,1.0,1.0,ok
BraTS-MEN-RT-0078-1,bet_mask,1.0,1.0,1.0,ok
BraTS-MEN-RT-0078-1,gtv_mask,1.0,1.0,1.0,ok
BraTS-MEN-RT-0079-1,bet,1.0,1.0,1.0,ok
BraTS-MEN-RT-0079-1,bet_mask,1.0,1.0,1.0,ok
BraTS-MEN-RT-0079-1,gtv_mask,1.0,1.0,1.0,ok
BraTS-MEN-RT-0080-1,bet,1.0,1.0,1.0,ok
BraTS-MEN-RT-0080-1,bet_mask,1.0,1.0,1.0,ok
BraTS-MEN-RT-0080-1,gtv_mask,1.0,1.0,1.0,ok
BraTS-MEN-RT-0081-1,bet,1.0,1.0,1.0,ok
BraTS-MEN-RT-0081-1,bet_mask,1.0,1.0,1.0,ok
BraTS-MEN-RT-0081-1,gtv_mask,1.0,1.0,1.0,ok
BraTS-MEN-RT-0082-1,bet,1.0,1.0,1.0,ok
BraTS-MEN-RT-0082-1,bet_mask,1.0,1.0,1.0,ok
BraTS-MEN-RT-0082-1,gtv_mask,1.0,1.0,1.0,ok
BraTS-MEN-RT-0084-1,bet,1.0,1.0,1.0,ok
BraTS-MEN-RT-0084-1,bet_mask,1.0,1.0,1.0,ok
BraTS-MEN-RT-0084-1,gtv_mask,1.0,1.0,1.0,ok
BraTS-MEN-RT-0085-1,bet,1.0,1.0,1.0,ok
BraTS-MEN-RT-0085-1,bet_mask,1.0,1.0,1.0,ok
BraTS-MEN-RT-0085-1,gtv_mask,1.0,1.0,1.0,ok
BraTS-MEN-RT-0088-1,bet,1.0,1.0,1.0,ok
BraTS-MEN-RT-0088-1,bet_mask,1.0,1.0,1.0,ok
BraTS-MEN-RT-0088-1,gtv_mask,1.0,1.0,1.0,ok
BraTS-MEN-RT-0089-1,bet,1.0,1.0,1.0,ok
BraTS-MEN-RT-0089-1,bet_mask,1.0,1.0,1.0,ok
BraTS-MEN-RT-0089-1,gtv_mask,1.0,1.0,1.0,ok
BraTS-MEN-RT-0091-1,bet,1.0,1.0,1.0,ok
BraTS-MEN-RT-0091-1,bet_mask,1.0,1.0,1.0,ok
BraTS-MEN-RT-0091-1,gtv_mask,1.0,1.0,1.0,ok
BraTS-MEN-RT-0093-1,bet,1.0,1.0,1.0,ok
BraTS-MEN-RT-0093-1,bet_mask,1.0,1.0,1.0,ok
BraTS-MEN-RT-0093-1,gtv_mask,1.0,1.0,1.0,ok
BraTS-MEN-RT-0094-1,bet,1.0,1.0,1.0,ok
BraTS-MEN-RT-0094-1,bet_mask,1.0,1.0,1.0,ok
BraTS-MEN-RT-0094-1,gtv_mask,1.0,1.0,1.0,ok
BraTS-MEN-RT-0097-1,bet,1.0,1.0,1.0,ok
BraTS-MEN-RT-0097-1,bet_mask,1.0,1.0,1.0,ok
BraTS-MEN-RT-0097-1,gtv_mask,1.0,1.0,1.0,ok
BraTS-MEN-RT-0099-1,bet,1.0,1.0,1.0,ok
BraTS-MEN-RT-0099-1,bet_mask,1.0,1.0,1.0,ok
BraTS-MEN-RT-0099-1,gtv_mask,1.0,1.0,1.0,ok
BraTS-MEN-RT-0101-1,bet,1.0,1.0,1.0,ok
BraTS-MEN-RT-0101-1,bet_mask,1.0,1.0,1.0,ok
BraTS-MEN-RT-0101-1,gtv_mask,1.0,1.0,1.0,ok
BraTS-MEN-RT-0102-1,bet,1.0,1.0,1.0,ok
BraTS-MEN-RT-0102-1,bet_mask,1.0,1.0,1.0,ok
BraTS-MEN-RT-0102-1,gtv_mask,1.0,1.0,1.0,ok
BraTS-MEN-RT-0103-1,bet,1.0,1.0,1.0,ok
BraTS-MEN-RT-0103-1,bet_mask,1.0,1.0,1.0,ok
BraTS-MEN-RT-0103-1,gtv_mask,1.0,1.0,1.0,ok
BraTS-MEN-RT-0104-1,bet,1.0,1.0,1.0,ok
BraTS-MEN-RT-0104-1,bet_mask,1.0,1.0,1.0,ok
BraTS-MEN-RT-0104-1,gtv_mask,1.0,1.0,1.0,ok
BraTS-MEN-RT-0105-1,bet,1.0,1.0,1.0,ok
BraTS-MEN-RT-0105-1,bet_mask,1.0,1.0,1.0,ok
BraTS-MEN-RT-0105-1,gtv_mask,1.0,1.0,1.0,ok
BraTS-MEN-RT-0106-1,bet,1.0,1.0,1.0,ok
BraTS-MEN-RT-0106-1,bet_mask,1.0,1.0,1.0,ok
BraTS-MEN-RT-0106-1,gtv_mask,1.0,1.0,1.0,ok
BraTS-MEN-RT-0107-1,bet,1.0,1.0,1.0,ok
BraTS-MEN-RT-0107-1,bet_mask,1.0,1.0,1.0,ok
BraTS-MEN-RT-0107-1,gtv_mask,1.0,1.0,1.0,ok
BraTS-MEN-RT-0110-1,bet,1.0,1.0,1.0,ok
BraTS-MEN-RT-0110-1,bet_mask,1.0,1.0,1.0,ok
BraTS-MEN-RT-0110-1,gtv_mask,1.0,1.0,1.0,ok
BraTS-MEN-RT-0112-1,bet,1.0,1.0,1.0,ok
BraTS-MEN-RT-0112-1,bet_mask,1.0,1.0,1.0,ok
BraTS-MEN-RT-0112-1,gtv_mask,1.0,1.0,1.0,ok
BraTS-MEN-RT-0113-1,bet,1.0,1.0,1.0,ok
BraTS-MEN-RT-0113-1,bet_mask,1.0,1.0,1.0,ok
BraTS-MEN-RT-0113-1,gtv_mask,1.0,1.0,1.0,ok
BraTS-MEN-RT-0114-1,bet,1.0,1.0,1.0,ok
BraTS-MEN-RT-0114-1,bet_mask,1.0,1.0,1.0,ok
BraTS-MEN-RT-0114-1,gtv_mask,1.0,1.0,1.0,ok
BraTS-MEN-RT-0116-1,bet,1.0,1.0,1.0,ok
BraTS-MEN-RT-0116-1,bet_mask,1.0,1.0,1.0,ok
BraTS-MEN-RT-0116-1,gtv_mask,1.0,1.0,1.0,ok
BraTS-MEN-RT-0117-1,bet,1.0,1.0,1.0,ok
BraTS-MEN-RT-0117-1,bet_mask,1.0,1.0,1.0,ok
BraTS-MEN-RT-0117-1,gtv_mask,1.0,1.0,1.0,ok
BraTS-MEN-RT-0119-1,bet,1.0,1.0,1.0,ok
BraTS-MEN-RT-0119-1,bet_mask,1.0,1.0,1.0,ok
BraTS-MEN-RT-0119-1,gtv_mask,1.0,1.0,1.0,ok
BraTS-MEN-RT-0120-1,bet,1.0,1.0,1.0,ok
BraTS-MEN-RT-0120-1,bet_mask,1.0,1.0,1.0,ok
BraTS-MEN-RT-0120-1,gtv_mask,1.0,1.0,1.0,ok
BraTS-MEN-RT-0122-1,bet,1.0,1.0,1.0,ok
BraTS-MEN-RT-0122-1,bet_mask,1.0,1.0,1.0,ok
BraTS-MEN-RT-0122-1,gtv_mask,1.0,1.0,1.0,ok
BraTS-MEN-RT-0124-1,bet,1.0,1.0,1.0,ok
BraTS-MEN-RT-0124-1,bet_mask,1.0,1.0,1.0,ok
BraTS-MEN-RT-0124-1,gtv_mask,1.0,1.0,1.0,ok
BraTS-MEN-RT-0125-1,bet,1.0,1.0,1.0,ok
BraTS-MEN-RT-0125-1,bet_mask,1.0,1.0,1.0,ok
BraTS-MEN-RT-0125-1,gtv_mask,1.0,1.0,1.0,ok
BraTS-MEN-RT-0126-1,bet,1.0,1.0,1.0,ok
BraTS-MEN-RT-0126-1,bet_mask,1.0,1.0,1.0,ok
BraTS-MEN-RT-0126-1,gtv_mask,1.0,1.0,1.0,ok
BraTS-MEN-RT-0127-1,bet,1.0,1.0,1.0,ok
BraTS-MEN-RT-0127-1,bet_mask,1.0,1.0,1.0,ok
BraTS-MEN-RT-0127-1,gtv_mask,1.0,1.0,1.0,ok
BraTS-MEN-RT-0128-1,bet,1.0,1.0,1.0,ok
BraTS-MEN-RT-0128-1,bet_mask,1.0,1.0,1.0,ok
BraTS-MEN-RT-0128-1,gtv_mask,1.0,1.0,1.0,ok
BraTS-MEN-RT-0129-1,bet,1.0,1.0,1.0,ok
BraTS-MEN-RT-0129-1,bet_mask,1.0,1.0,1.0,ok
BraTS-MEN-RT-0129-1,gtv_mask,1.0,1.0,1.0,ok
BraTS-MEN-RT-0130-1,bet,1.0,1.0,1.0,ok
BraTS-MEN-RT-0130-1,bet_mask,1.0,1.0,1.0,ok
BraTS-MEN-RT-0130-1,gtv_mask,1.0,1.0,1.0,ok
BraTS-MEN-RT-0131-1,bet,1.0,1.0,1.0,ok
BraTS-MEN-RT-0131-1,bet_mask,1.0,1.0,1.0,ok
BraTS-MEN-RT-0131-1,gtv_mask,1.0,1.0,1.0,ok
BraTS-MEN-RT-0132-1,bet,1.0,1.0,1.0,ok
BraTS-MEN-RT-0132-1,bet_mask,1.0,1.0,1.0,ok
BraTS-MEN-RT-0132-1,gtv_mask,1.0,1.0,1.0,ok
BraTS-MEN-RT-0134-1,bet,1.0,1.0,1.0,ok
BraTS-MEN-RT-0134-1,bet_mask,1.0,1.0,1.0,ok
BraTS-MEN-RT-0134-1,gtv_mask,1.0,1.0,1.0,ok
BraTS-MEN-RT-0136-1,bet,1.0,1.0,1.0,ok
BraTS-MEN-RT-0136-1,bet_mask,1.0,1.0,1.0,ok
BraTS-MEN-RT-0136-1,gtv_mask,1.0,1.0,1.0,ok
BraTS-MEN-RT-0137-1,bet,1.0,1.0,1.0,ok
BraTS-MEN-RT-0137-1,bet_mask,1.0,1.0,1.0,ok
BraTS-MEN-RT-0137-1,gtv_mask,1.0,1.0,1.0,ok
BraTS-MEN-RT-0140-1,bet,1.0,1.0,1.0,ok
BraTS-MEN-RT-0140-1,bet_mask,1.0,1.0,1.0,ok
BraTS-MEN-RT-0140-1,gtv_mask,1.0,1.0,1.0,ok
BraTS-MEN-RT-0141-1,bet,1.0,1.0,1.0,ok
BraTS-MEN-RT-0141-1,bet_mask,1.0,1.0,1.0,ok
BraTS-MEN-RT-0141-1,gtv_mask,1.0,1.0,1.0,ok
BraTS-MEN-RT-0142-1,bet,1.0,1.0,1.0,ok
BraTS-MEN-RT-0142-1,bet_mask,1.0,1.0,1.0,ok
BraTS-MEN-RT-0142-1,gtv_mask,1.0,1.0,1.0,ok
BraTS-MEN-RT-0143-1,bet,1.0,1.0,1.0,ok
BraTS-MEN-RT-0143-1,bet_mask,1.0,1.0,1.0,ok
BraTS-MEN-RT-0143-1,gtv_mask,1.0,1.0,1.0,ok
BraTS-MEN-RT-0144-1,bet,1.0,1.0,1.0,ok
BraTS-MEN-RT-0144-1,bet_mask,1.0,1.0,1.0,ok
BraTS-MEN-RT-0144-1,gtv_mask,1.0,1.0,1.0,ok
BraTS-MEN-RT-0146-1,bet,1.0,1.0,1.0,ok
BraTS-MEN-RT-0146-1,bet_mask,1.0,1.0,1.0,ok
BraTS-MEN-RT-0146-1,gtv_mask,1.0,1.0,1.0,ok
BraTS-MEN-RT-0147-1,bet,1.0,1.0,1.0,ok
BraTS-MEN-RT-0147-1,bet_mask,1.0,1.0,1.0,ok
BraTS-MEN-RT-0147-1,gtv_mask,1.0,1.0,1.0,ok
BraTS-MEN-RT-0148-1,bet,1.0,1.0,1.0,ok
BraTS-MEN-RT-0148-1,bet_mask,1.0,1.0,1.0,ok
BraTS-MEN-RT-0148-1,gtv_mask,1.0,1.0,1.0,ok
BraTS-MEN-RT-0149-1,bet,1.0,1.0,1.0,ok
BraTS-MEN-RT-0149-1,bet_mask,1.0,1.0,1.0,ok
BraTS-MEN-RT-0149-1,gtv_mask,1.0,1.0,1.0,ok
BraTS-MEN-RT-0150-1,bet,1.0,1.0,1.0,ok
BraTS-MEN-RT-0150-1,bet_mask,1.0,1.0,1.0,ok
BraTS-MEN-RT-0150-1,gtv_mask,1.0,1.0,1.0,ok
BraTS-MEN-RT-0151-1,bet,1.0,1.0,1.0,ok
BraTS-MEN-RT-0151-1,bet_mask,1.0,1.0,1.0,ok
BraTS-MEN-RT-0151-1,gtv_mask,1.0,1.0,1.0,ok
BraTS-MEN-RT-0153-1,bet,1.0,1.0,1.0,ok
BraTS-MEN-RT-0153-1,bet_mask,1.0,1.0,1.0,ok
BraTS-MEN-RT-0153-1,gtv_mask,1.0,1.0,1.0,ok
BraTS-MEN-RT-0154-1,bet,1.0,1.0,1.0,ok
BraTS-MEN-RT-0154-1,bet_mask,1.0,1.0,1.0,ok
BraTS-MEN-RT-0154-1,gtv_mask,1.0,1.0,1.0,ok
BraTS-MEN-RT-0155-1,bet,1.0,1.0,1.0,ok
BraTS-MEN-RT-0155-1,bet_mask,1.0,1.0,1.0,ok
BraTS-MEN-RT-0155-1,gtv_mask,1.0,1.0,1.0,ok
BraTS-MEN-RT-0156-1,bet,1.0,1.0,1.0,ok
BraTS-MEN-RT-0156-1,bet_mask,1.0,1.0,1.0,ok
BraTS-MEN-RT-0156-1,gtv_mask,1.0,1.0,1.0,ok
BraTS-MEN-RT-0157-1,bet,1.0,1.0,1.0,ok
BraTS-MEN-RT-0157-1,bet_mask,1.0,1.0,1.0,ok
BraTS-MEN-RT-0157-1,gtv_mask,1.0,1.0,1.0,ok
BraTS-MEN-RT-0158-1,bet,1.0,1.0,1.0,ok
BraTS-MEN-RT-0158-1,bet_mask,1.0,1.0,1.0,ok
BraTS-MEN-RT-0158-1,gtv_mask,1.0,1.0,1.0,ok
BraTS-MEN-RT-0159-1,bet,1.0,1.0,1.0,ok
BraTS-MEN-RT-0159-1,bet_mask,1.0,1.0,1.0,ok
BraTS-MEN-RT-0159-1,gtv_mask,1.0,1.0,1.0,ok
BraTS-MEN-RT-0160-1,bet,1.0,1.0,1.0,ok
BraTS-MEN-RT-0160-1,bet_mask,1.0,1.0,1.0,ok
BraTS-MEN-RT-0160-1,gtv_mask,1.0,1.0,1.0,ok
BraTS-MEN-RT-0161-1,bet,1.0,1.0,1.0,ok
BraTS-MEN-RT-0161-1,bet_mask,1.0,1.0,1.0,ok
BraTS-MEN-RT-0161-1,gtv_mask,1.0,1.0,1.0,ok
BraTS-MEN-RT-0166-1,bet,1.0,1.0,1.0,ok
BraTS-MEN-RT-0166-1,bet_mask,1.0,1.0,1.0,ok
BraTS-MEN-RT-0166-1,gtv_mask,1.0,1.0,1.0,ok
BraTS-MEN-RT-0167-1,bet,1.0,1.0,1.0,ok
BraTS-MEN-RT-0167-1,bet_mask,1.0,1.0,1.0,ok
BraTS-MEN-RT-0167-1,gtv_mask,1.0,1.0,1.0,ok
BraTS-MEN-RT-0168-1,bet,1.0,1.0,1.0,ok
BraTS-MEN-RT-0168-1,bet_mask,1.0,1.0,1.0,ok
BraTS-MEN-RT-0168-1,gtv_mask,1.0,1.0,1.0,ok
BraTS-MEN-RT-0171-1,bet,1.0,1.0,1.0,ok
BraTS-MEN-RT-0171-1,bet_mask,1.0,1.0,1.0,ok
BraTS-MEN-RT-0171-1,gtv_mask,1.0,1.0,1.0,ok
BraTS-MEN-RT-0173-1,bet,1.0,1.0,1.0,ok
BraTS-MEN-RT-0173-1,bet_mask,1.0,1.0,1.0,ok
BraTS-MEN-RT-0173-1,gtv_mask,1.0,1.0,1.0,ok
BraTS-MEN-RT-0174-1,bet,1.0,1.0,1.0,ok
BraTS-MEN-RT-0174-1,bet_mask,1.0,1.0,1.0,ok
BraTS-MEN-RT-0174-1,gtv_mask,1.0,1.0,1.0,ok
BraTS-MEN-RT-0175-1,bet,1.0,1.0,1.0,ok
BraTS-MEN-RT-0175-1,bet_mask,1.0,1.0,1.0,ok
BraTS-MEN-RT-0175-1,gtv_mask,1.0,1.0,1.0,ok
BraTS-MEN-RT-0176-1,bet,1.0,1.0,1.0,ok
BraTS-MEN-RT-0176-1,bet_mask,1.0,1.0,1.0,ok
BraTS-MEN-RT-0176-1,gtv_mask,1.0,1.0,1.0,ok
BraTS-MEN-RT-0177-1,bet,1.0,1.0,1.0,ok
BraTS-MEN-RT-0177-1,bet_mask,1.0,1.0,1.0,ok
BraTS-MEN-RT-0177-1,gtv_mask,1.0,1.0,1.0,ok
BraTS-MEN-RT-0178-1,bet,1.0,1.0,1.0,ok
BraTS-MEN-RT-0178-1,bet_mask,1.0,1.0,1.0,ok
BraTS-MEN-RT-0178-1,gtv_mask,1.0,1.0,1.0,ok
BraTS-MEN-RT-0179-1,bet,1.0,1.0,1.0,ok
BraTS-MEN-RT-0179-1,bet_mask,1.0,1.0,1.0,ok
BraTS-MEN-RT-0179-1,gtv_mask,1.0,1.0,1.0,ok
BraTS-MEN-RT-0180-1,bet,1.0,1.0,1.0,ok
BraTS-MEN-RT-0180-1,bet_mask,1.0,1.0,1.0,ok
BraTS-MEN-RT-0180-1,gtv_mask,1.0,1.0,1.0,ok
BraTS-MEN-RT-0181-1,bet,1.0,1.0,1.0,ok
BraTS-MEN-RT-0181-1,bet_mask,1.0,1.0,1.0,ok
BraTS-MEN-RT-0181-1,gtv_mask,1.0,1.0,1.0,ok
BraTS-MEN-RT-0184-1,bet,1.0,1.0,1.0,ok
BraTS-MEN-RT-0184-1,bet_mask,1.0,1.0,1.0,ok
BraTS-MEN-RT-0184-1,gtv_mask,1.0,1.0,1.0,ok
BraTS-MEN-RT-0185-1,bet,1.0,1.0,1.0,ok
BraTS-MEN-RT-0185-1,bet_mask,1.0,1.0,1.0,ok
BraTS-MEN-RT-0185-1,gtv_mask,1.0,1.0,1.0,ok
BraTS-MEN-RT-0188-1,bet,1.0,1.0,1.0,ok
BraTS-MEN-RT-0188-1,bet_mask,1.0,1.0,1.0,ok
BraTS-MEN-RT-0188-1,gtv_mask,1.0,1.0,1.0,ok
BraTS-MEN-RT-0189-1,bet,1.0,1.0,1.0,ok
BraTS-MEN-RT-0189-1,bet_mask,1.0,1.0,1.0,ok
BraTS-MEN-RT-0189-1,gtv_mask,1.0,1.0,1.0,ok
BraTS-MEN-RT-0190-1,bet,1.0,1.0,1.0,ok
BraTS-MEN-RT-0190-1,bet_mask,1.0,1.0,1.0,ok
BraTS-MEN-RT-0190-1,gtv_mask,1.0,1.0,1.0,ok
BraTS-MEN-RT-0191-1,bet,1.0,1.0,1.0,ok
BraTS-MEN-RT-0191-1,bet_mask,1.0,1.0,1.0,ok
BraTS-MEN-RT-0191-1,gtv_mask,1.0,1.0,1.0,ok
BraTS-MEN-RT-0192-1,bet,1.0,1.0,1.0,ok
BraTS-MEN-RT-0192-1,bet_mask,1.0,1.0,1.0,ok
BraTS-MEN-RT-0192-1,gtv_mask,1.0,1.0,1.0,ok
BraTS-MEN-RT-0193-1,bet,1.0,1.0,1.0,ok
BraTS-MEN-RT-0193-1,bet_mask,1.0,1.0,1.0,ok
BraTS-MEN-RT-0193-1,gtv_mask,1.0,1.0,1.0,ok
BraTS-MEN-RT-0196-1,bet,1.0,1.0,1.0,ok
BraTS-MEN-RT-0196-1,bet_mask,1.0,1.0,1.0,ok
BraTS-MEN-RT-0196-1,gtv_mask,1.0,1.0,1.0,ok
BraTS-MEN-RT-0197-1,bet,1.0,1.0,1.0,ok
BraTS-MEN-RT-0197-1,bet_mask,1.0,1.0,1.0,ok
BraTS-MEN-RT-0197-1,gtv_mask,1.0,1.0,1.0,ok
BraTS-MEN-RT-0198-1,bet,1.0,1.0,1.0,ok
BraTS-MEN-RT-0198-1,bet_mask,1.0,1.0,1.0,ok
BraTS-MEN-RT-0198-1,gtv_mask,1.0,1.0,1.0,ok
BraTS-MEN-RT-0199-1,bet,1.0,1.0,1.0,ok
BraTS-MEN-RT-0199-1,bet_mask,1.0,1.0,1.0,ok
BraTS-MEN-RT-0199-1,gtv_mask,1.0,1.0,1.0,ok
BraTS-MEN-RT-0200-1,bet,1.0,1.0,1.0,ok
BraTS-MEN-RT-0200-1,bet_mask,1.0,1.0,1.0,ok
BraTS-MEN-RT-0200-1,gtv_mask,1.0,1.0,1.0,ok
BraTS-MEN-RT-0202-1,bet,1.0,1.0,1.0,ok
BraTS-MEN-RT-0202-1,bet_mask,1.0,1.0,1.0,ok
BraTS-MEN-RT-0202-1,gtv_mask,1.0,1.0,1.0,ok
BraTS-MEN-RT-0203-1,bet,1.0,1.0,1.0,ok
BraTS-MEN-RT-0203-1,bet_mask,1.0,1.0,1.0,ok
BraTS-MEN-RT-0203-1,gtv_mask,1.0,1.0,1.0,ok
BraTS-MEN-RT-0206-1,bet,1.0,1.0,1.0,ok
BraTS-MEN-RT-0206-1,bet_mask,1.0,1.0,1.0,ok
BraTS-MEN-RT-0206-1,gtv_mask,1.0,1.0,1.0,ok
BraTS-MEN-RT-0208-1,bet,1.0,1.0,1.0,ok
BraTS-MEN-RT-0208-1,bet_mask,1.0,1.0,1.0,ok
BraTS-MEN-RT-0208-1,gtv_mask,1.0,1.0,1.0,ok
BraTS-MEN-RT-0209-1,bet,1.0,1.0,1.0,ok
BraTS-MEN-RT-0209-1,bet_mask,1.0,1.0,1.0,ok
BraTS-MEN-RT-0209-1,gtv_mask,1.0,1.0,1.0,ok
BraTS-MEN-RT-0210-1,bet,1.0,1.0,1.0,ok
BraTS-MEN-RT-0210-1,bet_mask,1.0,1.0,1.0,ok
BraTS-MEN-RT-0210-1,gtv_mask,1.0,1.0,1.0,ok
BraTS-MEN-RT-0211-1,bet,1.0,1.0,1.0,ok
BraTS-MEN-RT-0211-1,bet_mask,1.0,1.0,1.0,ok
BraTS-MEN-RT-0211-1,gtv_mask,1.0,1.0,1.0,ok
BraTS-MEN-RT-0212-1,bet,1.0,1.0,1.0,ok
BraTS-MEN-RT-0212-1,bet_mask,1.0,1.0,1.0,ok
BraTS-MEN-RT-0212-1,gtv_mask,1.0,1.0,1.0,ok
BraTS-MEN-RT-0215-1,bet,1.0,1.0,1.0,ok
BraTS-MEN-RT-0215-1,bet_mask,1.0,1.0,1.0,ok
BraTS-MEN-RT-0215-1,gtv_mask,1.0,1.0,1.0,ok
BraTS-MEN-RT-0216-1,bet,1.0,1.0,1.0,ok
BraTS-MEN-RT-0216-1,bet_mask,1.0,1.0,1.0,ok
BraTS-MEN-RT-0216-1,gtv_mask,1.0,1.0,1.0,ok
BraTS-MEN-RT-0217-1,bet,1.0,1.0,1.0,ok
BraTS-MEN-RT-0217-1,bet_mask,1.0,1.0,1.0,ok
BraTS-MEN-RT-0217-1,gtv_mask,1.0,1.0,1.0,ok
BraTS-MEN-RT-0220-1,bet,1.0,1.0,1.0,ok
BraTS-MEN-RT-0220-1,bet_mask,1.0,1.0,1.0,ok
BraTS-MEN-RT-0220-1,gtv_mask,1.0,1.0,1.0,ok
BraTS-MEN-RT-0221-1,bet,1.0,1.0,1.0,ok
BraTS-MEN-RT-0221-1,bet_mask,1.0,1.0,1.0,ok
BraTS-MEN-RT-0221-1,gtv_mask,1.0,1.0,1.0,ok
BraTS-MEN-RT-0222-1,bet,1.0,1.0,1.0,ok
BraTS-MEN-RT-0222-1,bet_mask,1.0,1.0,1.0,ok
BraTS-MEN-RT-0222-1,gtv_mask,1.0,1.0,1.0,ok
BraTS-MEN-RT-0223-1,bet,1.0,1.0,1.0,ok
BraTS-MEN-RT-0223-1,bet_mask,1.0,1.0,1.0,ok
BraTS-MEN-RT-0223-1,gtv_mask,1.0,1.0,1.0,ok
BraTS-MEN-RT-0224-1,bet,1.0,1.0,1.0,ok
BraTS-MEN-RT-0224-1,bet_mask,1.0,1.0,1.0,ok
BraTS-MEN-RT-0224-1,gtv_mask,1.0,1.0,1.0,ok
BraTS-MEN-RT-0225-1,bet,1.0,1.0,1.0,ok
BraTS-MEN-RT-0225-1,bet_mask,1.0,1.0,1.0,ok
BraTS-MEN-RT-0225-1,gtv_mask,1.0,1.0,1.0,ok
BraTS-MEN-RT-0226-1,bet,1.0,1.0,1.0,ok
BraTS-MEN-RT-0226-1,bet_mask,1.0,1.0,1.0,ok
BraTS-MEN-RT-0226-1,gtv_mask,1.0,1.0,1.0,ok
BraTS-MEN-RT-0227-1,bet,1.0,1.0,1.0,ok
BraTS-MEN-RT-0227-1,bet_mask,1.0,1.0,1.0,ok
BraTS-MEN-RT-0227-1,gtv_mask,1.0,1.0,1.0,ok
BraTS-MEN-RT-0229-1,bet,1.0,1.0,1.0,ok
BraTS-MEN-RT-0229-1,bet_mask,1.0,1.0,1.0,ok
BraTS-MEN-RT-0229-1,gtv_mask,1.0,1.0,1.0,ok
BraTS-MEN-RT-0230-1,bet,1.0,1.0,1.0,ok
BraTS-MEN-RT-0230-1,bet_mask,1.0,1.0,1.0,ok
BraTS-MEN-RT-0230-1,gtv_mask,1.0,1.0,1.0,ok
BraTS-MEN-RT-0232-1,bet,1.0,1.0,1.0,ok
BraTS-MEN-RT-0232-1,bet_mask,1.0,1.0,1.0,ok
BraTS-MEN-RT-0232-1,gtv_mask,1.0,1.0,1.0,ok
BraTS-MEN-RT-0234-1,bet,1.0,1.0,1.0,ok
BraTS-MEN-RT-0234-1,bet_mask,1.0,1.0,1.0,ok
BraTS-MEN-RT-0234-1,gtv_mask,1.0,1.0,1.0,ok
BraTS-MEN-RT-0235-1,bet,1.0,1.0,1.0,ok
BraTS-MEN-RT-0235-1,bet_mask,1.0,1.0,1.0,ok
BraTS-MEN-RT-0235-1,gtv_mask,1.0,1.0,1.0,ok
BraTS-MEN-RT-0236-1,bet,1.0,1.0,1.0,ok
BraTS-MEN-RT-0236-1,bet_mask,1.0,1.0,1.0,ok
BraTS-MEN-RT-0236-1,gtv_mask,1.0,1.0,1.0,ok
BraTS-MEN-RT-0241-1,bet,1.0,1.0,1.0,ok
BraTS-MEN-RT-0241-1,bet_mask,1.0,1.0,1.0,ok
BraTS-MEN-RT-0241-1,gtv_mask,1.0,1.0,1.0,ok
BraTS-MEN-RT-0247-1,bet,1.0,1.0,1.0,ok
BraTS-MEN-RT-0247-1,bet_mask,1.0,1.0,1.0,ok
BraTS-MEN-RT-0247-1,gtv_mask,1.0,1.0,1.0,ok
BraTS-MEN-RT-0249-1,bet,1.0,1.0,1.0,ok
BraTS-MEN-RT-0249-1,bet_mask,1.0,1.0,1.0,ok
BraTS-MEN-RT-0249-1,gtv_mask,1.0,1.0,1.0,ok
BraTS-MEN-RT-0250-1,bet,1.0,1.0,1.0,ok
BraTS-MEN-RT-0250-1,bet_mask,1.0,1.0,1.0,ok
BraTS-MEN-RT-0250-1,gtv_mask,1.0,1.0,1.0,ok
BraTS-MEN-RT-0251-1,bet,1.0,1.0,1.0,ok
BraTS-MEN-RT-0251-1,bet_mask,1.0,1.0,1.0,ok
BraTS-MEN-RT-0251-1,gtv_mask,1.0,1.0,1.0,ok
BraTS-MEN-RT-0252-1,bet,1.0,1.0,1.0,ok
BraTS-MEN-RT-0252-1,bet_mask,1.0,1.0,1.0,ok
BraTS-MEN-RT-0252-1,gtv_mask,1.0,1.0,1.0,ok
BraTS-MEN-RT-0255-1,bet,1.0,1.0,1.0,ok
BraTS-MEN-RT-0255-1,bet_mask,1.0,1.0,1.0,ok
BraTS-MEN-RT-0255-1,gtv_mask,1.0,1.0,1.0,ok
BraTS-MEN-RT-0257-1,bet,1.0,1.0,1.0,ok
BraTS-MEN-RT-0257-1,bet_mask,1.0,1.0,1.0,ok
BraTS-MEN-RT-0257-1,gtv_mask,1.0,1.0,1.0,ok
BraTS-MEN-RT-0258-1,bet,1.0,1.0,1.0,ok
BraTS-MEN-RT-0258-1,bet_mask,1.0,1.0,1.0,ok
BraTS-MEN-RT-0258-1,gtv_mask,1.0,1.0,1.0,ok
BraTS-MEN-RT-0260-1,bet,1.0,1.0,1.0,ok
BraTS-MEN-RT-0260-1,bet_mask,1.0,1.0,1.0,ok
BraTS-MEN-RT-0260-1,gtv_mask,1.0,1.0,1.0,ok
BraTS-MEN-RT-0263-1,bet,1.0,1.0,1.0,ok
BraTS-MEN-RT-0263-1,bet_mask,1.0,1.0,1.0,ok
BraTS-MEN-RT-0263-1,gtv_mask,1.0,1.0,1.0,ok
BraTS-MEN-RT-0268-1,bet,1.0,1.0,1.0,ok
BraTS-MEN-RT-0268-1,bet_mask,1.0,1.0,1.0,ok
BraTS-MEN-RT-0268-1,gtv_mask,1.0,1.0,1.0,ok
BraTS-MEN-RT-0270-1,bet,1.0,1.0,1.0,ok
BraTS-MEN-RT-0270-1,bet_mask,1.0,1.0,1.0,ok
BraTS-MEN-RT-0270-1,gtv_mask,1.0,1.0,1.0,ok
BraTS-MEN-RT-0271-1,bet,1.0,1.0,1.0,ok
BraTS-MEN-RT-0271-1,bet_mask,1.0,1.0,1.0,ok
BraTS-MEN-RT-0271-1,gtv_mask,1.0,1.0,1.0,ok
BraTS-MEN-RT-0273-1,bet,1.0,1.0,1.0,ok
BraTS-MEN-RT-0273-1,bet_mask,1.0,1.0,1.0,ok
BraTS-MEN-RT-0273-1,gtv_mask,1.0,1.0,1.0,ok
BraTS-MEN-RT-0274-1,bet,1.0,1.0,1.0,ok
BraTS-MEN-RT-0274-1,bet_mask,1.0,1.0,1.0,ok
BraTS-MEN-RT-0274-1,gtv_mask,1.0,1.0,1.0,ok
BraTS-MEN-RT-0275-1,bet,1.0,1.0,1.0,ok
BraTS-MEN-RT-0275-1,bet_mask,1.0,1.0,1.0,ok
BraTS-MEN-RT-0275-1,gtv_mask,1.0,1.0,1.0,ok
BraTS-MEN-RT-0279-1,bet,1.0,1.0,1.0,ok
BraTS-MEN-RT-0279-1,bet_mask,1.0,1.0,1.0,ok
BraTS-MEN-RT-0279-1,gtv_mask,1.0,1.0,1.0,ok
BraTS-MEN-RT-0280-1,bet,1.0,1.0,1.0,ok
BraTS-MEN-RT-0280-1,bet_mask,1.0,1.0,1.0,ok
BraTS-MEN-RT-0280-1,gtv_mask,1.0,1.0,1.0,ok
BraTS-MEN-RT-0281-1,bet,1.0,1.0,1.0,ok
BraTS-MEN-RT-0281-1,bet_mask,1.0,1.0,1.0,ok
BraTS-MEN-RT-0281-1,gtv_mask,1.0,1.0,1.0,ok
BraTS-MEN-RT-0282-1,bet,1.0,1.0,1.0,ok
BraTS-MEN-RT-0282-1,bet_mask,1.0,1.0,1.0,ok
BraTS-MEN-RT-0282-1,gtv_mask,1.0,1.0,1.0,ok
BraTS-MEN-RT-0283-1,bet,1.0,1.0,1.0,ok
BraTS-MEN-RT-0283-1,bet_mask,1.0,1.0,1.0,ok
BraTS-MEN-RT-0283-1,gtv_mask,1.0,1.0,1.0,ok
BraTS-MEN-RT-0284-1,bet,1.0,1.0,1.0,ok
BraTS-MEN-RT-0284-1,bet_mask,1.0,1.0,1.0,ok
BraTS-MEN-RT-0284-1,gtv_mask,1.0,1.0,1.0,ok
BraTS-MEN-RT-0285-1,bet,1.0,1.0,1.0,ok
BraTS-MEN-RT-0285-1,bet_mask,1.0,1.0,1.0,ok
BraTS-MEN-RT-0285-1,gtv_mask,1.0,1.0,1.0,ok
BraTS-MEN-RT-0286-1,bet,1.0,1.0,1.0,ok
BraTS-MEN-RT-0286-1,bet_mask,1.0,1.0,1.0,ok
BraTS-MEN-RT-0286-1,gtv_mask,1.0,1.0,1.0,ok
BraTS-MEN-RT-0289-1,bet,1.0,1.0,1.0,ok
BraTS-MEN-RT-0289-1,bet_mask,1.0,1.0,1.0,ok
BraTS-MEN-RT-0289-1,gtv_mask,1.0,1.0,1.0,ok
BraTS-MEN-RT-0290-1,bet,1.0,1.0,1.0,ok
BraTS-MEN-RT-0290-1,bet_mask,1.0,1.0,1.0,ok
BraTS-MEN-RT-0290-1,gtv_mask,1.0,1.0,1.0,ok
BraTS-MEN-RT-0294-1,bet,1.0,1.0,1.0,ok
BraTS-MEN-RT-0294-1,bet_mask,1.0,1.0,1.0,ok
BraTS-MEN-RT-0294-1,gtv_mask,1.0,1.0,1.0,ok
BraTS-MEN-RT-0295-1,bet,1.0,1.0,1.0,ok
BraTS-MEN-RT-0295-1,bet_mask,1.0,1.0,1.0,ok
BraTS-MEN-RT-0295-1,gtv_mask,1.0,1.0,1.0,ok
BraTS-MEN-RT-0297-1,bet,1.0,1.0,1.0,ok
BraTS-MEN-RT-0297-1,bet_mask,1.0,1.0,1.0,ok
BraTS-MEN-RT-0297-1,gtv_mask,1.0,1.0,1.0,ok
BraTS-MEN-RT-0298-1,bet,1.0,1.0,1.0,ok
BraTS-MEN-RT-0298-1,bet_mask,1.0,1.0,1.0,ok
BraTS-MEN-RT-0298-1,gtv_mask,1.0,1.0,1.0,ok
BraTS-MEN-RT-0299-1,bet,1.0,1.0,1.0,ok
BraTS-MEN-RT-0299-1,bet_mask,1.0,1.0,1.0,ok
BraTS-MEN-RT-0299-1,gtv_mask,1.0,1.0,1.0,ok
BraTS-MEN-RT-0300-1,bet,1.0,1.0,1.0,ok
BraTS-MEN-RT-0300-1,bet_mask,1.0,1.0,1.0,ok
BraTS-MEN-RT-0300-1,gtv_mask,1.0,1.0,1.0,ok
BraTS-MEN-RT-0301-1,bet,1.0,1.0,1.0,ok
BraTS-MEN-RT-0301-1,bet_mask,1.0,1.0,1.0,ok
BraTS-MEN-RT-0301-1,gtv_mask,1.0,1.0,1.0,ok
BraTS-MEN-RT-0302-1,bet,1.0,1.0,1.0,ok
BraTS-MEN-RT-0302-1,bet_mask,1.0,1.0,1.0,ok
BraTS-MEN-RT-0302-1,gtv_mask,1.0,1.0,1.0,ok
BraTS-MEN-RT-0303-1,bet,1.0,1.0,1.0,ok
BraTS-MEN-RT-0303-1,bet_mask,1.0,1.0,1.0,ok
BraTS-MEN-RT-0303-1,gtv_mask,1.0,1.0,1.0,ok
BraTS-MEN-RT-0305-1,bet,1.0,1.0,1.0,ok
BraTS-MEN-RT-0305-1,bet_mask,1.0,1.0,1.0,ok
BraTS-MEN-RT-0305-1,gtv_mask,1.0,1.0,1.0,ok
BraTS-MEN-RT-0306-1,bet,1.0,1.0,1.0,ok
BraTS-MEN-RT-0306-1,bet_mask,1.0,1.0,1.0,ok
BraTS-MEN-RT-0306-1,gtv_mask,1.0,1.0,1.0,ok
BraTS-MEN-RT-0309-1,bet,1.0,1.0,1.0,ok
BraTS-MEN-RT-0309-1,bet_mask,1.0,1.0,1.0,ok
BraTS-MEN-RT-0309-1,gtv_mask,1.0,1.0,1.0,ok
BraTS-MEN-RT-0310-1,bet,1.0,1.0,1.0,ok
BraTS-MEN-RT-0310-1,bet_mask,1.0,1.0,1.0,ok
BraTS-MEN-RT-0310-1,gtv_mask,1.0,1.0,1.0,ok
BraTS-MEN-RT-0311-1,bet,1.0,1.0,1.0,ok
BraTS-MEN-RT-0311-1,bet_mask,1.0,1.0,1.0,ok
BraTS-MEN-RT-0311-1,gtv_mask,1.0,1.0,1.0,ok
BraTS-MEN-RT-0312-1,bet,1.0,1.0,1.0,ok
BraTS-MEN-RT-0312-1,bet_mask,1.0,1.0,1.0,ok
BraTS-MEN-RT-0312-1,gtv_mask,1.0,1.0,1.0,ok
BraTS-MEN-RT-0313-1,bet,1.0,1.0,1.0,ok
BraTS-MEN-RT-0313-1,bet_mask,1.0,1.0,1.0,ok
BraTS-MEN-RT-0313-1,gtv_mask,1.0,1.0,1.0,ok
BraTS-MEN-RT-0314-1,bet,1.0,1.0,1.0,ok
BraTS-MEN-RT-0314-1,bet_mask,1.0,1.0,1.0,ok
BraTS-MEN-RT-0314-1,gtv_mask,1.0,1.0,1.0,ok
BraTS-MEN-RT-0315-1,bet,1.0,1.0,1.0,ok
BraTS-MEN-RT-0315-1,bet_mask,1.0,1.0,1.0,ok
BraTS-MEN-RT-0315-1,gtv_mask,1.0,1.0,1.0,ok
BraTS-MEN-RT-0316-1,bet,1.0,1.0,1.0,ok
BraTS-MEN-RT-0316-1,bet_mask,1.0,1.0,1.0,ok
BraTS-MEN-RT-0316-1,gtv_mask,1.0,1.0,1.0,ok
BraTS-MEN-RT-0317-1,bet,1.0,1.0,1.0,ok
BraTS-MEN-RT-0317-1,bet_mask,1.0,1.0,1.0,ok
BraTS-MEN-RT-0317-1,gtv_mask,1.0,1.0,1.0,ok
BraTS-MEN-RT-0318-1,bet,1.0,1.0,1.0,ok
BraTS-MEN-RT-0318-1,bet_mask,1.0,1.0,1.0,ok
BraTS-MEN-RT-0318-1,gtv_mask,1.0,1.0,1.0,ok
BraTS-MEN-RT-0319-1,bet,1.0,1.0,1.0,ok
BraTS-MEN-RT-0319-1,bet_mask,1.0,1.0,1.0,ok
BraTS-MEN-RT-0319-1,gtv_mask,1.0,1.0,1.0,ok
BraTS-MEN-RT-0321-1,bet,1.0,1.0,1.0,ok
BraTS-MEN-RT-0321-1,bet_mask,1.0,1.0,1.0,ok
BraTS-MEN-RT-0321-1,gtv_mask,1.0,1.0,1.0,ok
BraTS-MEN-RT-0322-1,bet,1.0,1.0,1.0,ok
BraTS-MEN-RT-0322-1,bet_mask,1.0,1.0,1.0,ok
BraTS-MEN-RT-0322-1,gtv_mask,1.0,1.0,1.0,ok
BraTS-MEN-RT-0325-1,bet,1.0,1.0,1.0,ok
BraTS-MEN-RT-0325-1,bet_mask,1.0,1.0,1.0,ok
BraTS-MEN-RT-0325-1,gtv_mask,1.0,1.0,1.0,ok
BraTS-MEN-RT-0326-1,bet,1.0,1.0,1.0,ok
BraTS-MEN-RT-0326-1,bet_mask,1.0,1.0,1.0,ok
BraTS-MEN-RT-0326-1,gtv_mask,1.0,1.0,1.0,ok
BraTS-MEN-RT-0330-1,bet,1.0,1.0,1.0,ok
BraTS-MEN-RT-0330-1,bet_mask,1.0,1.0,1.0,ok
BraTS-MEN-RT-0330-1,gtv_mask,1.0,1.0,1.0,ok
BraTS-MEN-RT-0332-1,bet,1.0,1.0,1.0,ok
BraTS-MEN-RT-0332-1,bet_mask,1.0,1.0,1.0,ok
BraTS-MEN-RT-0332-1,gtv_mask,1.0,1.0,1.0,ok
BraTS-MEN-RT-0335-1,bet,1.0,1.0,1.0,ok
BraTS-MEN-RT-0335-1,bet_mask,1.0,1.0,1.0,ok
BraTS-MEN-RT-0335-1,gtv_mask,1.0,1.0,1.0,ok
BraTS-MEN-RT-0336-1,bet,1.0,1.0,1.0,ok
BraTS-MEN-RT-0336-1,bet_mask,1.0,1.0,1.0,ok
BraTS-MEN-RT-0336-1,gtv_mask,1.0,1.0,1.0,ok
BraTS-MEN-RT-0338-1,bet,1.0,1.0,1.0,ok
BraTS-MEN-RT-0338-1,bet_mask,1.0,1.0,1.0,ok
BraTS-MEN-RT-0338-1,gtv_mask,1.0,1.0,1.0,ok
BraTS-MEN-RT-0339-1,bet,1.0,1.0,1.0,ok
BraTS-MEN-RT-0339-1,bet_mask,1.0,1.0,1.0,ok
BraTS-MEN-RT-0339-1,gtv_mask,1.0,1.0,1.0,ok
BraTS-MEN-RT-0340-1,bet,1.0,1.0,1.0,ok
BraTS-MEN-RT-0340-1,bet_mask,1.0,1.0,1.0,ok
BraTS-MEN-RT-0340-1,gtv_mask,1.0,1.0,1.0,ok
BraTS-MEN-RT-0342-1,bet,1.0,1.0,1.0,ok
BraTS-MEN-RT-0342-1,bet_mask,1.0,1.0,1.0,ok
BraTS-MEN-RT-0342-1,gtv_mask,1.0,1.0,1.0,ok
BraTS-MEN-RT-0344-1,bet,1.0,1.0,1.0,ok
BraTS-MEN-RT-0344-1,bet_mask,1.0,1.0,1.0,ok
BraTS-MEN-RT-0344-1,gtv_mask,1.0,1.0,1.0,ok
BraTS-MEN-RT-0347-1,bet,1.0,1.0,1.0,ok
BraTS-MEN-RT-0347-1,bet_mask,1.0,1.0,1.0,ok
BraTS-MEN-RT-0347-1,gtv_mask,1.0,1.0,1.0,ok
BraTS-MEN-RT-0350-1,bet,1.0,1.0,1.0,ok
BraTS-MEN-RT-0350-1,bet_mask,1.0,1.0,1.0,ok
BraTS-MEN-RT-0350-1,gtv_mask,1.0,1.0,1.0,ok
BraTS-MEN-RT-0351-1,bet,1.0,1.0,1.0,ok
BraTS-MEN-RT-0351-1,bet_mask,1.0,1.0,1.0,ok
BraTS-MEN-RT-0351-1,gtv_mask,1.0,1.0,1.0,ok
BraTS-MEN-RT-0354-1,bet,1.0,1.0,1.0,ok
BraTS-MEN-RT-0354-1,bet_mask,1.0,1.0,1.0,ok
BraTS-MEN-RT-0354-1,gtv_mask,1.0,1.0,1.0,ok
BraTS-MEN-RT-0355-1,bet,1.0,1.0,1.0,ok
BraTS-MEN-RT-0355-1,bet_mask,1.0,1.0,1.0,ok
BraTS-MEN-RT-0355-1,gtv_mask,1.0,1.0,1.0,ok
BraTS-MEN-RT-0356-1,bet,1.0,1.0,1.0,ok
BraTS-MEN-RT-0356-1,bet_mask,1.0,1.0,1.0,ok
BraTS-MEN-RT-0356-1,gtv_mask,1.0,1.0,1.0,ok
BraTS-MEN-RT-0358-1,bet,1.0,1.0,1.0,ok
BraTS-MEN-RT-0358-1,bet_mask,1.0,1.0,1.0,ok
BraTS-MEN-RT-0358-1,gtv_mask,1.0,1.0,1.0,ok
BraTS-MEN-RT-0360-1,bet,1.0,1.0,1.0,ok
BraTS-MEN-RT-0360-1,bet_mask,1.0,1.0,1.0,ok
BraTS-MEN-RT-0360-1,gtv_mask,1.0,1.0,1.0,ok
BraTS-MEN-RT-0361-1,bet,1.0,1.0,1.0,ok
BraTS-MEN-RT-0361-1,bet_mask,1.0,1.0,1.0,ok
BraTS-MEN-RT-0361-1,gtv_mask,1.0,1.0,1.0,ok
BraTS-MEN-RT-0363-1,bet,1.0,1.0,1.0,ok
BraTS-MEN-RT-0363-1,bet_mask,1.0,1.0,1.0,ok
BraTS-MEN-RT-0363-1,gtv_mask,1.0,1.0,1.0,ok
BraTS-MEN-RT-0365-1,bet,1.0,1.0,1.0,ok
BraTS-MEN-RT-0365-1,bet_mask,1.0,1.0,1.0,ok
BraTS-MEN-RT-0365-1,gtv_mask,1.0,1.0,1.0,ok
BraTS-MEN-RT-0369-1,bet,1.0,1.0,1.0,ok
BraTS-MEN-RT-0369-1,bet_mask,1.0,1.0,1.0,ok
BraTS-MEN-RT-0369-1,gtv_mask,1.0,1.0,1.0,ok
BraTS-MEN-RT-0370-1,bet,1.0,1.0,1.0,ok
BraTS-MEN-RT-0370-1,bet_mask,1.0,1.0,1.0,ok
BraTS-MEN-RT-0370-1,gtv_mask,1.0,1.0,1.0,ok
BraTS-MEN-RT-0372-1,bet,1.0,1.0,1.0,ok
BraTS-MEN-RT-0372-1,bet_mask,1.0,1.0,1.0,ok
BraTS-MEN-RT-0372-1,gtv_mask,1.0,1.0,1.0,ok
BraTS-MEN-RT-0373-1,bet,1.0,1.0,1.0,ok
BraTS-MEN-RT-0373-1,bet_mask,1.0,1.0,1.0,ok
BraTS-MEN-RT-0373-1,gtv_mask,1.0,1.0,1.0,ok
BraTS-MEN-RT-0374-1,bet,1.0,1.0,1.0,ok
BraTS-MEN-RT-0374-1,bet_mask,1.0,1.0,1.0,ok
BraTS-MEN-RT-0374-1,gtv_mask,1.0,1.0,1.0,ok
BraTS-MEN-RT-0375-1,bet,1.0,1.0,1.0,ok
BraTS-MEN-RT-0375-1,bet_mask,1.0,1.0,1.0,ok
BraTS-MEN-RT-0375-1,gtv_mask,1.0,1.0,1.0,ok
BraTS-MEN-RT-0377-1,bet,1.0,1.0,1.0,ok
BraTS-MEN-RT-0377-1,bet_mask,1.0,1.0,1.0,ok
BraTS-MEN-RT-0377-1,gtv_mask,1.0,1.0,1.0,ok
BraTS-MEN-RT-0378-1,bet,1.0,1.0,1.0,ok
BraTS-MEN-RT-0378-1,bet_mask,1.0,1.0,1.0,ok
BraTS-MEN-RT-0378-1,gtv_mask,1.0,1.0,1.0,ok
BraTS-MEN-RT-0380-1,bet,1.0,1.0,1.0,ok
BraTS-MEN-RT-0380-1,bet_mask,1.0,1.0,1.0,ok
BraTS-MEN-RT-0380-1,gtv_mask,1.0,1.0,1.0,ok
BraTS-MEN-RT-0382-1,bet,1.0,1.0,1.0,ok
BraTS-MEN-RT-0382-1,bet_mask,1.0,1.0,1.0,ok
BraTS-MEN-RT-0382-1,gtv_mask,1.0,1.0,1.0,ok
BraTS-MEN-RT-0383-1,bet,1.0,1.0,1.0,ok
BraTS-MEN-RT-0383-1,bet_mask,1.0,1.0,1.0,ok
BraTS-MEN-RT-0383-1,gtv_mask,1.0,1.0,1.0,ok
BraTS-MEN-RT-0384-1,bet,1.0,1.0,1.0,ok
BraTS-MEN-RT-0384-1,bet_mask,1.0,1.0,1.0,ok
BraTS-MEN-RT-0384-1,gtv_mask,1.0,1.0,1.0,ok
BraTS-MEN-RT-0387-1,bet,1.0,1.0,1.0,ok
BraTS-MEN-RT-0387-1,bet_mask,1.0,1.0,1.0,ok
BraTS-MEN-RT-0387-1,gtv_mask,1.0,1.0,1.0,ok
BraTS-MEN-RT-0388-1,bet,1.0,1.0,1.0,ok
BraTS-MEN-RT-0388-1,bet_mask,1.0,1.0,1.0,ok
BraTS-MEN-RT-0388-1,gtv_mask,1.0,1.0,1.0,ok
BraTS-MEN-RT-0390-1,bet,1.0,1.0,1.0,ok
BraTS-MEN-RT-0390-1,bet_mask,1.0,1.0,1.0,ok
BraTS-MEN-RT-0390-1,gtv_mask,1.0,1.0,1.0,ok
BraTS-MEN-RT-0391-1,bet,1.0,1.0,1.0,ok
BraTS-MEN-RT-0391-1,bet_mask,1.0,1.0,1.0,ok
BraTS-MEN-RT-0391-1,gtv_mask,1.0,1.0,1.0,ok
BraTS-MEN-RT-0392-1,bet,1.0,1.0,1.0,ok
BraTS-MEN-RT-0392-1,bet_mask,1.0,1.0,1.0,ok
BraTS-MEN-RT-0392-1,gtv_mask,1.0,1.0,1.0,ok
BraTS-MEN-RT-0393-1,bet,1.0,1.0,1.0,ok
BraTS-MEN-RT-0393-1,bet_mask,1.0,1.0,1.0,ok
BraTS-MEN-RT-0393-1,gtv_mask,1.0,1.0,1.0,ok
BraTS-MEN-RT-0394-1,bet,1.0,1.0,1.0,ok
BraTS-MEN-RT-0394-1,bet_mask,1.0,1.0,1.0,ok
BraTS-MEN-RT-0394-1,gtv_mask,1.0,1.0,1.0,ok
BraTS-MEN-RT-0395-1,bet,1.0,1.0,1.0,ok
BraTS-MEN-RT-0395-1,bet_mask,1.0,1.0,1.0,ok
BraTS-MEN-RT-0395-1,gtv_mask,1.0,1.0,1.0,ok
BraTS-MEN-RT-0397-1,bet,1.0,1.0,1.0,ok
BraTS-MEN-RT-0397-1,bet_mask,1.0,1.0,1.0,ok
BraTS-MEN-RT-0397-1,gtv_mask,1.0,1.0,1.0,ok
BraTS-MEN-RT-0400-1,bet,1.0,1.0,1.0,ok
BraTS-MEN-RT-0400-1,bet_mask,1.0,1.0,1.0,ok
BraTS-MEN-RT-0400-1,gtv_mask,1.0,1.0,1.0,ok
BraTS-MEN-RT-0401-1,bet,1.0,1.0,1.0,ok
BraTS-MEN-RT-0401-1,bet_mask,1.0,1.0,1.0,ok
BraTS-MEN-RT-0401-1,gtv_mask,1.0,1.0,1.0,ok
BraTS-MEN-RT-0402-1,bet,1.0,1.0,1.0,ok
BraTS-MEN-RT-0402-1,bet_mask,1.0,1.0,1.0,ok
BraTS-MEN-RT-0402-1,gtv_mask,1.0,1.0,1.0,ok
BraTS-MEN-RT-0405-1,bet,1.0,1.0,1.0,ok
BraTS-MEN-RT-0405-1,bet_mask,1.0,1.0,1.0,ok
BraTS-MEN-RT-0405-1,gtv_mask,1.0,1.0,1.0,ok
BraTS-MEN-RT-0406-1,bet,1.0,1.0,1.0,ok
BraTS-MEN-RT-0406-1,bet_mask,1.0,1.0,1.0,ok
BraTS-MEN-RT-0406-1,gtv_mask,1.0,1.0,1.0,ok
BraTS-MEN-RT-0409-1,bet,1.0,1.0,1.0,ok
BraTS-MEN-RT-0409-1,bet_mask,1.0,1.0,1.0,ok
BraTS-MEN-RT-0409-1,gtv_mask,1.0,1.0,1.0,ok
BraTS-MEN-RT-0410-1,bet,1.0,1.0,1.0,ok
BraTS-MEN-RT-0410-1,bet_mask,1.0,1.0,1.0,ok
BraTS-MEN-RT-0410-1,gtv_mask,1.0,1.0,1.0,ok
BraTS-MEN-RT-0411-1,bet,1.0,1.0,1.0,ok
BraTS-MEN-RT-0411-1,bet_mask,1.0,1.0,1.0,ok
BraTS-MEN-RT-0411-1,gtv_mask,1.0,1.0,1.0,ok
BraTS-MEN-RT-0412-1,bet,1.0,1.0,1.0,ok
BraTS-MEN-RT-0412-1,bet_mask,1.0,1.0,1.0,ok
BraTS-MEN-RT-0412-1,gtv_mask,1.0,1.0,1.0,ok
BraTS-MEN-RT-0413-1,bet,1.0,1.0,1.0,ok
BraTS-MEN-RT-0413-1,bet_mask,1.0,1.0,1.0,ok
BraTS-MEN-RT-0413-1,gtv_mask,1.0,1.0,1.0,ok
BraTS-MEN-RT-0414-1,bet,1.0,1.0,1.0,ok
BraTS-MEN-RT-0414-1,bet_mask,1.0,1.0,1.0,ok
BraTS-MEN-RT-0414-1,gtv_mask,1.0,1.0,1.0,ok
BraTS-MEN-RT-0415-1,bet,1.0,1.0,1.0,ok
BraTS-MEN-RT-0415-1,bet_mask,1.0,1.0,1.0,ok
BraTS-MEN-RT-0415-1,gtv_mask,1.0,1.0,1.0,ok
BraTS-MEN-RT-0418-1,bet,1.0,1.0,1.0,ok
BraTS-MEN-RT-0418-1,bet_mask,1.0,1.0,1.0,ok
BraTS-MEN-RT-0418-1,gtv_mask,1.0,1.0,1.0,ok
BraTS-MEN-RT-0419-1,bet,1.0,1.0,1.0,ok
BraTS-MEN-RT-0419-1,bet_mask,1.0,1.0,1.0,ok
BraTS-MEN-RT-0419-1,gtv_mask,1.0,1.0,1.0,ok
BraTS-MEN-RT-0420-1,bet,1.0,1.0,1.0,ok
BraTS-MEN-RT-0420-1,bet_mask,1.0,1.0,1.0,ok
BraTS-MEN-RT-0420-1,gtv_mask,1.0,1.0,1.0,ok
BraTS-MEN-RT-0421-1,bet,1.0,1.0,1.0,ok
BraTS-MEN-RT-0421-1,bet_mask,1.0,1.0,1.0,ok
BraTS-MEN-RT-0421-1,gtv_mask,1.0,1.0,1.0,ok
BraTS-MEN-RT-0422-1,bet,1.0,1.0,1.0,ok
BraTS-MEN-RT-0422-1,bet_mask,1.0,1.0,1.0,ok
BraTS-MEN-RT-0422-1,gtv_mask,1.0,1.0,1.0,ok
BraTS-MEN-RT-0423-1,bet,1.0,1.0,1.0,ok
BraTS-MEN-RT-0423-1,bet_mask,1.0,1.0,1.0,ok
BraTS-MEN-RT-0423-1,gtv_mask,1.0,1.0,1.0,ok
BraTS-MEN-RT-0424-1,bet,1.0,1.0,1.0,ok
BraTS-MEN-RT-0424-1,bet_mask,1.0,1.0,1.0,ok
BraTS-MEN-RT-0424-1,gtv_mask,1.0,1.0,1.0,ok
BraTS-MEN-RT-0425-1,bet,1.0,1.0,1.0,ok
BraTS-MEN-RT-0425-1,bet_mask,1.0,1.0,1.0,ok
BraTS-MEN-RT-0425-1,gtv_mask,1.0,1.0,1.0,ok
BraTS-MEN-RT-0426-1,bet,1.0,1.0,1.0,ok
BraTS-MEN-RT-0426-1,bet_mask,1.0,1.0,1.0,ok
BraTS-MEN-RT-0426-1,gtv_mask,1.0,1.0,1.0,ok
BraTS-MEN-RT-0429-1,bet,1.0,1.0,1.0,ok
BraTS-MEN-RT-0429-1,bet_mask,1.0,1.0,1.0,ok
BraTS-MEN-RT-0429-1,gtv_mask,1.0,1.0,1.0,ok
BraTS-MEN-RT-0430-1,bet,1.0,1.0,1.0,ok
BraTS-MEN-RT-0430-1,bet_mask,1.0,1.0,1.0,ok
BraTS-MEN-RT-0430-1,gtv_mask,1.0,1.0,1.0,ok
BraTS-MEN-RT-0431-1,bet,1.0,1.0,1.0,ok
BraTS-MEN-RT-0431-1,bet_mask,1.0,1.0,1.0,ok
BraTS-MEN-RT-0431-1,gtv_mask,1.0,1.0,1.0,ok
BraTS-MEN-RT-0433-1,bet,1.0,1.0,1.0,ok
BraTS-MEN-RT-0433-1,bet_mask,1.0,1.0,1.0,ok
BraTS-MEN-RT-0433-1,gtv_mask,1.0,1.0,1.0,ok
BraTS-MEN-RT-0434-1,bet,1.0,1.0,1.0,ok
BraTS-MEN-RT-0434-1,bet_mask,1.0,1.0,1.0,ok
BraTS-MEN-RT-0434-1,gtv_mask,1.0,1.0,1.0,ok
BraTS-MEN-RT-0436-1,bet,1.0,1.0,1.0,ok
BraTS-MEN-RT-0436-1,bet_mask,1.0,1.0,1.0,ok
BraTS-MEN-RT-0436-1,gtv_mask,1.0,1.0,1.0,ok
BraTS-MEN-RT-0438-1,bet,1.0,1.0,1.0,ok
BraTS-MEN-RT-0438-1,bet_mask,1.0,1.0,1.0,ok
BraTS-MEN-RT-0438-1,gtv_mask,1.0,1.0,1.0,ok
BraTS-MEN-RT-0439-1,bet,1.0,1.0,1.0,ok
BraTS-MEN-RT-0439-1,bet_mask,1.0,1.0,1.0,ok
BraTS-MEN-RT-0439-1,gtv_mask,1.0,1.0,1.0,ok
BraTS-MEN-RT-0441-1,bet,1.0,1.0,1.0,ok
BraTS-MEN-RT-0441-1,bet_mask,1.0,1.0,1.0,ok
BraTS-MEN-RT-0441-1,gtv_mask,1.0,1.0,1.0,ok
BraTS-MEN-RT-0442-1,bet,1.0,1.0,1.0,ok
BraTS-MEN-RT-0442-1,bet_mask,1.0,1.0,1.0,ok
BraTS-MEN-RT-0442-1,gtv_mask,1.0,1.0,1.0,ok
BraTS-MEN-RT-0443-1,bet,1.0,1.0,1.0,ok
BraTS-MEN-RT-0443-1,bet_mask,1.0,1.0,1.0,ok
BraTS-MEN-RT-0443-1,gtv_mask,1.0,1.0,1.0,ok
BraTS-MEN-RT-0445-1,bet,1.0,1.0,1.0,ok
BraTS-MEN-RT-0445-1,bet_mask,1.0,1.0,1.0,ok
BraTS-MEN-RT-0445-1,gtv_mask,1.0,1.0,1.0,ok
BraTS-MEN-RT-0447-1,bet,1.0,1.0,1.0,ok
BraTS-MEN-RT-0447-1,bet_mask,1.0,1.0,1.0,ok
BraTS-MEN-RT-0447-1,gtv_mask,1.0,1.0,1.0,ok
BraTS-MEN-RT-0448-1,bet,1.0,1.0,1.0,ok
BraTS-MEN-RT-0448-1,bet_mask,1.0,1.0,1.0,ok
BraTS-MEN-RT-0448-1,gtv_mask,1.0,1.0,1.0,ok
BraTS-MEN-RT-0449-1,bet,1.0,1.0,1.0,ok
BraTS-MEN-RT-0449-1,bet_mask,1.0,1.0,1.0,ok
BraTS-MEN-RT-0449-1,gtv_mask,1.0,1.0,1.0,ok
BraTS-MEN-RT-0450-1,bet,1.0,1.0,1.0,ok
BraTS-MEN-RT-0450-1,bet_mask,1.0,1.0,1.0,ok
BraTS-MEN-RT-0450-1,gtv_mask,1.0,1.0,1.0,ok
BraTS-MEN-RT-0451-1,bet,1.0,1.0,1.0,ok
BraTS-MEN-RT-0451-1,bet_mask,1.0,1.0,1.0,ok
BraTS-MEN-RT-0451-1,gtv_mask,1.0,1.0,1.0,ok
BraTS-MEN-RT-0452-1,bet,1.0,1.0,1.0,ok
BraTS-MEN-RT-0452-1,bet_mask,1.0,1.0,1.0,ok
BraTS-MEN-RT-0452-1,gtv_mask,1.0,1.0,1.0,ok
BraTS-MEN-RT-0453-1,bet,1.0,1.0,1.0,ok
BraTS-MEN-RT-0453-1,bet_mask,1.0,1.0,1.0,ok
BraTS-MEN-RT-0453-1,gtv_mask,1.0,1.0,1.0,ok
BraTS-MEN-RT-0454-1,bet,1.0,1.0,1.0,ok
BraTS-MEN-RT-0454-1,bet_mask,1.0,1.0,1.0,ok
BraTS-MEN-RT-0454-1,gtv_mask,1.0,1.0,1.0,ok
BraTS-MEN-RT-0455-1,bet,1.0,1.0,1.0,ok
BraTS-MEN-RT-0455-1,bet_mask,1.0,1.0,1.0,ok
BraTS-MEN-RT-0455-1,gtv_mask,1.0,1.0,1.0,ok
BraTS-MEN-RT-0456-1,bet,1.0,1.0,1.0,ok
BraTS-MEN-RT-0456-1,bet_mask,1.0,1.0,1.0,ok
BraTS-MEN-RT-0456-1,gtv_mask,1.0,1.0,1.0,ok
BraTS-MEN-RT-0457-1,bet,1.0,1.0,1.0,ok
BraTS-MEN-RT-0457-1,bet_mask,1.0,1.0,1.0,ok
BraTS-MEN-RT-0457-1,gtv_mask,1.0,1.0,1.0,ok
BraTS-MEN-RT-0458-1,bet,1.0,1.0,1.0,ok
BraTS-MEN-RT-0458-1,bet_mask,1.0,1.0,1.0,ok
BraTS-MEN-RT-0458-1,gtv_mask,1.0,1.0,1.0,ok
BraTS-MEN-RT-0459-1,bet,1.0,1.0,1.0,ok
BraTS-MEN-RT-0459-1,bet_mask,1.0,1.0,1.0,ok
BraTS-MEN-RT-0459-1,gtv_mask,1.0,1.0,1.0,ok
BraTS-MEN-RT-0460-1,bet,1.0,1.0,1.0,ok
BraTS-MEN-RT-0460-1,bet_mask,1.0,1.0,1.0,ok
BraTS-MEN-RT-0460-1,gtv_mask,1.0,1.0,1.0,ok
BraTS-MEN-RT-0462-1,bet,1.0,1.0,1.0,ok
BraTS-MEN-RT-0462-1,bet_mask,1.0,1.0,1.0,ok
BraTS-MEN-RT-0462-1,gtv_mask,1.0,1.0,1.0,ok
BraTS-MEN-RT-0463-1,bet,1.0,1.0,1.0,ok
BraTS-MEN-RT-0463-1,bet_mask,1.0,1.0,1.0,ok
BraTS-MEN-RT-0463-1,gtv_mask,1.0,1.0,1.0,ok
BraTS-MEN-RT-0465-1,bet,1.0,1.0,1.0,ok
BraTS-MEN-RT-0465-1,bet_mask,1.0,1.0,1.0,ok
BraTS-MEN-RT-0465-1,gtv_mask,1.0,1.0,1.0,ok
BraTS-MEN-RT-0466-1,bet,1.0,1.0,1.0,ok
BraTS-MEN-RT-0466-1,bet_mask,1.0,1.0,1.0,ok
BraTS-MEN-RT-0466-1,gtv_mask,1.0,1.0,1.0,ok
BraTS-MEN-RT-0467-1,bet,1.0,1.0,1.0,ok
BraTS-MEN-RT-0467-1,bet_mask,1.0,1.0,1.0,ok
BraTS-MEN-RT-0467-1,gtv_mask,1.0,1.0,1.0,ok
BraTS-MEN-RT-0468-1,bet,1.0,1.0,1.0,ok
BraTS-MEN-RT-0468-1,bet_mask,1.0,1.0,1.0,ok
BraTS-MEN-RT-0468-1,gtv_mask,1.0,1.0,1.0,ok
BraTS-MEN-RT-0469-1,bet,1.0,1.0,1.0,ok
BraTS-MEN-RT-0469-1,bet_mask,1.0,1.0,1.0,ok
BraTS-MEN-RT-0469-1,gtv_mask,1.0,1.0,1.0,ok
BraTS-MEN-RT-0470-1,bet,1.0,1.0,1.0,ok
BraTS-MEN-RT-0470-1,bet_mask,1.0,1.0,1.0,ok
BraTS-MEN-RT-0470-1,gtv_mask,1.0,1.0,1.0,ok
BraTS-MEN-RT-0471-1,bet,1.0,1.0,1.0,ok
BraTS-MEN-RT-0471-1,bet_mask,1.0,1.0,1.0,ok
BraTS-MEN-RT-0471-1,gtv_mask,1.0,1.0,1.0,ok
BraTS-MEN-RT-0473-1,bet,1.0,1.0,1.0,ok
BraTS-MEN-RT-0473-1,bet_mask,1.0,1.0,1.0,ok
BraTS-MEN-RT-0473-1,gtv_mask,1.0,1.0,1.0,ok
BraTS-MEN-RT-0475-1,bet,1.0,1.0,1.0,ok
BraTS-MEN-RT-0475-1,bet_mask,1.0,1.0,1.0,ok
BraTS-MEN-RT-0475-1,gtv_mask,1.0,1.0,1.0,ok
BraTS-MEN-RT-0478-1,bet,1.0,1.0,1.0,ok
BraTS-MEN-RT-0478-1,bet_mask,1.0,1.0,1.0,ok
BraTS-MEN-RT-0478-1,gtv_mask,1.0,1.0,1.0,ok
BraTS-MEN-RT-0479-1,bet,1.0,1.0,1.0,ok
BraTS-MEN-RT-0479-1,bet_mask,1.0,1.0,1.0,ok
BraTS-MEN-RT-0479-1,gtv_mask,1.0,1.0,1.0,ok
BraTS-MEN-RT-0481-1,bet,1.0,1.0,1.0,ok
BraTS-MEN-RT-0481-1,bet_mask,1.0,1.0,1.0,ok
BraTS-MEN-RT-0481-1,gtv_mask,1.0,1.0,1.0,ok
BraTS-MEN-RT-0482-1,bet,1.0,1.0,1.0,ok
BraTS-MEN-RT-0482-1,bet_mask,1.0,1.0,1.0,ok
BraTS-MEN-RT-0482-1,gtv_mask,1.0,1.0,1.0,ok
BraTS-MEN-RT-0483-1,bet,1.0,1.0,1.0,ok
BraTS-MEN-RT-0483-1,bet_mask,1.0,1.0,1.0,ok
BraTS-MEN-RT-0483-1,gtv_mask,1.0,1.0,1.0,ok
BraTS-MEN-RT-0484-1,bet,1.0,1.0,1.0,ok
BraTS-MEN-RT-0484-1,bet_mask,1.0,1.0,1.0,ok
BraTS-MEN-RT-0484-1,gtv_mask,1.0,1.0,1.0,ok
BraTS-MEN-RT-0485-1,bet,1.0,1.0,1.0,ok
BraTS-MEN-RT-0485-1,bet_mask,1.0,1.0,1.0,ok
BraTS-MEN-RT-0485-1,gtv_mask,1.0,1.0,1.0,ok
BraTS-MEN-RT-0488-1,bet,1.0,1.0,1.0,ok
BraTS-MEN-RT-0488-1,bet_mask,1.0,1.0,1.0,ok
BraTS-MEN-RT-0488-1,gtv_mask,1.0,1.0,1.0,ok
BraTS-MEN-RT-0489-1,bet,1.0,1.0,1.0,ok
BraTS-MEN-RT-0489-1,bet_mask,1.0,1.0,1.0,ok
BraTS-MEN-RT-0489-1,gtv_mask,1.0,1.0,1.0,ok
BraTS-MEN-RT-0490-1,bet,1.0,1.0,1.0,ok
BraTS-MEN-RT-0490-1,bet_mask,1.0,1.0,1.0,ok
BraTS-MEN-RT-0490-1,gtv_mask,1.0,1.0,1.0,ok
BraTS-MEN-RT-0491-1,bet,1.0,1.0,1.0,ok
BraTS-MEN-RT-0491-1,bet_mask,1.0,1.0,1.0,ok
BraTS-MEN-RT-0491-1,gtv_mask,1.0,1.0,1.0,ok
BraTS-MEN-RT-0493-1,bet,1.0,1.0,1.0,ok
BraTS-MEN-RT-0493-1,bet_mask,1.0,1.0,1.0,ok
BraTS-MEN-RT-0493-1,gtv_mask,1.0,1.0,1.0,ok
BraTS-MEN-RT-0497-1,bet,1.0,1.0,1.0,ok
BraTS-MEN-RT-0497-1,bet_mask,1.0,1.0,1.0,ok
BraTS-MEN-RT-0497-1,gtv_mask,1.0,1.0,1.0,ok
BraTS-MEN-RT-0498-1,bet,1.0,1.0,1.0,ok
BraTS-MEN-RT-0498-1,bet_mask,1.0,1.0,1.0,ok
BraTS-MEN-RT-0498-1,gtv_mask,1.0,1.0,1.0,ok
BraTS-MEN-RT-0500-1,bet,1.0,1.0,1.0,ok
BraTS-MEN-RT-0500-1,bet_mask,1.0,1.0,1.0,ok
BraTS-MEN-RT-0500-1,gtv_mask,1.0,1.0,1.0,ok
BraTS-MEN-RT-0503-1,bet,1.0,1.0,1.0,ok
BraTS-MEN-RT-0503-1,bet_mask,1.0,1.0,1.0,ok
BraTS-MEN-RT-0503-1,gtv_mask,1.0,1.0,1.0,ok
BraTS-MEN-RT-0505-1,bet,1.0,1.0,1.0,ok
BraTS-MEN-RT-0505-1,bet_mask,1.0,1.0,1.0,ok
BraTS-MEN-RT-0505-1,gtv_mask,1.0,1.0,1.0,ok
BraTS-MEN-RT-0506-1,bet,1.0,1.0,1.0,ok
BraTS-MEN-RT-0506-1,bet_mask,1.0,1.0,1.0,ok
BraTS-MEN-RT-0506-1,gtv_mask,1.0,1.0,1.0,ok
BraTS-MEN-RT-0507-1,bet,1.0,1.0,1.0,ok
BraTS-MEN-RT-0507-1,bet_mask,1.0,1.0,1.0,ok
BraTS-MEN-RT-0507-1,gtv_mask,1.0,1.0,1.0,ok
BraTS-MEN-RT-0508-1,bet,1.0,1.0,1.0,ok
BraTS-MEN-RT-0508-1,bet_mask,1.0,1.0,1.0,ok
BraTS-MEN-RT-0508-1,gtv_mask,1.0,1.0,1.0,ok
BraTS-MEN-RT-0509-1,bet,1.0,1.0,1.0,ok
BraTS-MEN-RT-0509-1,bet_mask,1.0,1.0,1.0,ok
BraTS-MEN-RT-0509-1,gtv_mask,1.0,1.0,1.0,ok
BraTS-MEN-RT-0510-1,bet,1.0,1.0,1.0,ok
BraTS-MEN-RT-0510-1,bet_mask,1.0,1.0,1.0,ok
BraTS-MEN-RT-0510-1,gtv_mask,1.0,1.0,1.0,ok
BraTS-MEN-RT-0513-1,bet,1.0,1.0,1.0,ok
BraTS-MEN-RT-0513-1,bet_mask,1.0,1.0,1.0,ok
BraTS-MEN-RT-0513-1,gtv_mask,1.0,1.0,1.0,ok
BraTS-MEN-RT-0516-1,bet,1.0,1.0,1.0,ok
BraTS-MEN-RT-0516-1,bet_mask,1.0,1.0,1.0,ok
BraTS-MEN-RT-0516-1,gtv_mask,1.0,1.0,1.0,ok
BraTS-MEN-RT-0517-1,bet,1.0,1.0,1.0,ok
BraTS-MEN-RT-0517-1,bet_mask,1.0,1.0,1.0,ok
BraTS-MEN-RT-0517-1,gtv_mask,1.0,1.0,1.0,ok
BraTS-MEN-RT-0520-1,bet,1.0,1.0,1.0,ok
BraTS-MEN-RT-0520-1,bet_mask,1.0,1.0,1.0,ok
BraTS-MEN-RT-0520-1,gtv_mask,1.0,1.0,1.0,ok
BraTS-MEN-RT-0522-1,bet,1.0,1.0,1.0,ok
BraTS-MEN-RT-0522-1,bet_mask,1.0,1.0,1.0,ok
BraTS-MEN-RT-0522-1,gtv_mask,1.0,1.0,1.0,ok
BraTS-MEN-RT-0524-1,bet,1.0,1.0,1.0,ok
BraTS-MEN-RT-0524-1,bet_mask,1.0,1.0,1.0,ok
BraTS-MEN-RT-0524-1,gtv_mask,1.0,1.0,1.0,ok
BraTS-MEN-RT-0526-1,bet,1.0,1.0,1.0,ok
BraTS-MEN-RT-0526-1,bet_mask,1.0,1.0,1.0,ok
BraTS-MEN-RT-0526-1,gtv_mask,1.0,1.0,1.0,ok
BraTS-MEN-RT-0531-1,bet,1.0,1.0,1.0,ok
BraTS-MEN-RT-0531-1,bet_mask,1.0,1.0,1.0,ok
BraTS-MEN-RT-0531-1,gtv_mask,1.0,1.0,1.0,ok
BraTS-MEN-RT-0533-1,bet,1.0,1.0,1.0,ok
BraTS-MEN-RT-0533-1,bet_mask,1.0,1.0,1.0,ok
BraTS-MEN-RT-0533-1,gtv_mask,1.0,1.0,1.0,ok
BraTS-MEN-RT-0534-1,bet,1.0,1.0,1.0,ok
BraTS-MEN-RT-0534-1,bet_mask,1.0,1.0,1.0,ok
BraTS-MEN-RT-0534-1,gtv_mask,1.0,1.0,1.0,ok
BraTS-MEN-RT-0536-1,bet,1.0,1.0,1.0,ok
BraTS-MEN-RT-0536-1,bet_mask,1.0,1.0,1.0,ok
BraTS-MEN-RT-0536-1,gtv_mask,1.0,1.0,1.0,ok
BraTS-MEN-RT-0537-1,bet,1.0,1.0,1.0,ok
BraTS-MEN-RT-0537-1,bet_mask,1.0,1.0,1.0,ok
BraTS-MEN-RT-0537-1,gtv_mask,1.0,1.0,1.0,ok
BraTS-MEN-RT-0542-1,bet,1.0,1.0,1.0,ok
BraTS-MEN-RT-0542-1,bet_mask,1.0,1.0,1.0,ok
BraTS-MEN-RT-0542-1,gtv_mask,1.0,1.0,1.0,ok
BraTS-MEN-RT-0543-1,bet,1.0,1.0,1.0,ok
BraTS-MEN-RT-0543-1,bet_mask,1.0,1.0,1.0,ok
BraTS-MEN-RT-0543-1,gtv_mask,1.0,1.0,1.0,ok
BraTS-MEN-RT-0544-1,bet,1.0,1.0,1.0,ok
BraTS-MEN-RT-0544-1,bet_mask,1.0,1.0,1.0,ok
BraTS-MEN-RT-0544-1,gtv_mask,1.0,1.0,1.0,ok
BraTS-MEN-RT-0545-1,bet,1.0,1.0,1.0,ok
BraTS-MEN-RT-0545-1,bet_mask,1.0,1.0,1.0,ok
BraTS-MEN-RT-0545-1,gtv_mask,1.0,1.0,1.0,ok
BraTS-MEN-RT-0546-1,bet,1.0,1.0,1.0,ok
BraTS-MEN-RT-0546-1,bet_mask,1.0,1.0,1.0,ok
BraTS-MEN-RT-0546-1,gtv_mask,1.0,1.0,1.0,ok
BraTS-MEN-RT-0547-1,bet,1.0,1.0,1.0,ok
BraTS-MEN-RT-0547-1,bet_mask,1.0,1.0,1.0,ok
BraTS-MEN-RT-0547-1,gtv_mask,1.0,1.0,1.0,ok
BraTS-MEN-RT-0548-1,bet,1.0,1.0,1.0,ok
BraTS-MEN-RT-0548-1,bet_mask,1.0,1.0,1.0,ok
BraTS-MEN-RT-0548-1,gtv_mask,1.0,1.0,1.0,ok
BraTS-MEN-RT-0549-1,bet,1.0,1.0,1.0,ok
BraTS-MEN-RT-0549-1,bet_mask,1.0,1.0,1.0,ok
BraTS-MEN-RT-0549-1,gtv_mask,1.0,1.0,1.0,ok
BraTS-MEN-RT-0550-1,bet,1.0,1.0,1.0,ok
BraTS-MEN-RT-0550-1,bet_mask,1.0,1.0,1.0,ok
BraTS-MEN-RT-0550-1,gtv_mask,1.0,1.0,1.0,ok
BraTS-MEN-RT-0551-1,bet,1.0,1.0,1.0,ok
BraTS-MEN-RT-0551-1,bet_mask,1.0,1.0,1.0,ok
BraTS-MEN-RT-0551-1,gtv_mask,1.0,1.0,1.0,ok
BraTS-MEN-RT-0554-1,bet,1.0,1.0,1.0,ok
BraTS-MEN-RT-0554-1,bet_mask,1.0,1.0,1.0,ok
BraTS-MEN-RT-0554-1,gtv_mask,1.0,1.0,1.0,ok
BraTS-MEN-RT-0555-1,bet,1.0,1.0,1.0,ok
BraTS-MEN-RT-0555-1,bet_mask,1.0,1.0,1.0,ok
BraTS-MEN-RT-0555-1,gtv_mask,1.0,1.0,1.0,ok
BraTS-MEN-RT-0557-1,bet,1.0,1.0,1.0,ok
BraTS-MEN-RT-0557-1,bet_mask,1.0,1.0,1.0,ok
BraTS-MEN-RT-0557-1,gtv_mask,1.0,1.0,1.0,ok
BraTS-MEN-RT-0558-1,bet,1.0,1.0,1.0,ok
BraTS-MEN-RT-0558-1,bet_mask,1.0,1.0,1.0,ok
BraTS-MEN-RT-0558-1,gtv_mask,1.0,1.0,1.0,ok
BraTS-MEN-RT-0559-1,bet,1.0,1.0,1.0,ok
BraTS-MEN-RT-0559-1,bet_mask,1.0,1.0,1.0,ok
BraTS-MEN-RT-0559-1,gtv_mask,1.0,1.0,1.0,ok
BraTS-MEN-RT-0560-1,bet,1.0,1.0,1.0,ok
BraTS-MEN-RT-0560-1,bet_mask,1.0,1.0,1.0,ok
BraTS-MEN-RT-0560-1,gtv_mask,1.0,1.0,1.0,ok
BraTS-MEN-RT-0561-1,bet,1.0,1.0,1.0,ok
BraTS-MEN-RT-0561-1,bet_mask,1.0,1.0,1.0,ok
BraTS-MEN-RT-0561-1,gtv_mask,1.0,1.0,1.0,ok
BraTS-MEN-RT-0562-1,bet,1.0,1.0,1.0,ok
BraTS-MEN-RT-0562-1,bet_mask,1.0,1.0,1.0,ok
BraTS-MEN-RT-0562-1,gtv_mask,1.0,1.0,1.0,ok
BraTS-MEN-RT-0564-1,bet,1.0,1.0,1.0,ok
BraTS-MEN-RT-0564-1,bet_mask,1.0,1.0,1.0,ok
BraTS-MEN-RT-0564-1,gtv_mask,1.0,1.0,1.0,ok
BraTS-MEN-RT-0565-1,bet,1.0,1.0,1.0,ok
BraTS-MEN-RT-0565-1,bet_mask,1.0,1.0,1.0,ok
BraTS-MEN-RT-0565-1,gtv_mask,1.0,1.0,1.0,ok
BraTS-MEN-RT-0566-1,bet,1.0,1.0,1.0,ok
BraTS-MEN-RT-0566-1,bet_mask,1.0,1.0,1.0,ok
BraTS-MEN-RT-0566-1,gtv_mask,1.0,1.0,1.0,ok
BraTS-MEN-RT-0567-1,bet,1.0,1.0,1.0,ok
BraTS-MEN-RT-0567-1,bet_mask,1.0,1.0,1.0,ok
BraTS-MEN-RT-0567-1,gtv_mask,1.0,1.0,1.0,ok
BraTS-MEN-RT-0569-1,bet,1.0,1.0,1.0,ok
BraTS-MEN-RT-0569-1,bet_mask,1.0,1.0,1.0,ok
BraTS-MEN-RT-0569-1,gtv_mask,1.0,1.0,1.0,ok
BraTS-MEN-RT-0570-1,bet,1.0,1.0,1.0,ok
BraTS-MEN-RT-0570-1,bet_mask,1.0,1.0,1.0,ok
BraTS-MEN-RT-0570-1,gtv_mask,1.0,1.0,1.0,ok
BraTS-MEN-RT-0573-1,bet,1.0,1.0,1.0,ok
BraTS-MEN-RT-0573-1,bet_mask,1.0,1.0,1.0,ok
BraTS-MEN-RT-0573-1,gtv_mask,1.0,1.0,1.0,ok
BraTS-MEN-RT-0574-1,bet,1.0,1.0,1.0,ok
BraTS-MEN-RT-0574-1,bet_mask,1.0,1.0,1.0,ok
BraTS-MEN-RT-0574-1,gtv_mask,1.0,1.0,1.0,ok
BraTS-MEN-RT-0578-1,bet,1.0,1.0,1.0,ok
BraTS-MEN-RT-0578-1,bet_mask,1.0,1.0,1.0,ok
BraTS-MEN-RT-0578-1,gtv_mask,1.0,1.0,1.0,ok
BraTS-MEN-RT-0579-1,bet,1.0,1.0,1.0,ok
BraTS-MEN-RT-0579-1,bet_mask,1.0,1.0,1.0,ok
BraTS-MEN-RT-0579-1,gtv_mask,1.0,1.0,1.0,ok
BraTS-MEN-RT-0580-1,bet,1.0,1.0,1.0,ok
BraTS-MEN-RT-0580-1,bet_mask,1.0,1.0,1.0,ok
BraTS-MEN-RT-0580-1,gtv_mask,1.0,1.0,1.0,ok
BraTS-MEN-RT-0582-1,bet,1.0,1.0,1.0,ok
BraTS-MEN-RT-0582-1,bet_mask,1.0,1.0,1.0,ok
BraTS-MEN-RT-0582-1,gtv_mask,1.0,1.0,1.0,ok
BraTS-MEN-RT-0583-1,bet,1.0,1.0,1.0,ok
BraTS-MEN-RT-0583-1,bet_mask,1.0,1.0,1.0,ok
BraTS-MEN-RT-0583-1,gtv_mask,1.0,1.0,1.0,ok
BraTS-MEN-RT-0584-1,bet,1.0,1.0,1.0,ok
BraTS-MEN-RT-0584-1,bet_mask,1.0,1.0,1.0,ok
BraTS-MEN-RT-0584-1,gtv_mask,1.0,1.0,1.0,ok
BraTS-MEN-RT-0585-1,bet,1.0,1.0,1.0,ok
BraTS-MEN-RT-0585-1,bet_mask,1.0,1.0,1.0,ok
BraTS-MEN-RT-0585-1,gtv_mask,1.0,1.0,1.0,ok
BraTS-MEN-RT-0586-1,bet,1.0,1.0,1.0,ok
BraTS-MEN-RT-0586-1,bet_mask,1.0,1.0,1.0,ok
BraTS-MEN-RT-0586-1,gtv_mask,1.0,1.0,1.0,ok
BraTS-MEN-RT-0587-1,bet,1.0,1.0,1.0,ok
BraTS-MEN-RT-0587-1,bet_mask,1.0,1.0,1.0,ok
BraTS-MEN-RT-0587-1,gtv_mask,1.0,1.0,1.0,ok
BraTS-MEN-RT-0588-1,bet,1.0,1.0,1.0,ok
BraTS-MEN-RT-0588-1,bet_mask,1.0,1.0,1.0,ok
BraTS-MEN-RT-0588-1,gtv_mask,1.0,1.0,1.0,ok
BraTS-MEN-RT-0589-1,bet,1.0,1.0,1.0,ok
BraTS-MEN-RT-0589-1,bet_mask,1.0,1.0,1.0,ok
BraTS-MEN-RT-0589-1,gtv_mask,1.0,1.0,1.0,ok
BraTS-MEN-RT-0591-1,bet,1.0,1.0,1.0,ok
BraTS-MEN-RT-0591-1,bet_mask,1.0,1.0,1.0,ok
BraTS-MEN-RT-0591-1,gtv_mask,1.0,1.0,1.0,ok
BraTS-MEN-RT-0593-1,bet,1.0,1.0,1.0,ok
BraTS-MEN-RT-0593-1,bet_mask,1.0,1.0,1.0,ok
BraTS-MEN-RT-0593-1,gtv_mask,1.0,1.0,1.0,ok
BraTS-MEN-RT-0596-1,bet,1.0,1.0,1.0,ok
BraTS-MEN-RT-0596-1,bet_mask,1.0,1.0,1.0,ok
BraTS-MEN-RT-0596-1,gtv_mask,1.0,1.0,1.0,ok
BraTS-MEN-RT-0598-1,bet,1.0,1.0,1.0,ok
BraTS-MEN-RT-0598-1,bet_mask,1.0,1.0,1.0,ok
BraTS-MEN-RT-0598-1,gtv_mask,1.0,1.0,1.0,ok
BraTS-MEN-RT-0599-1,bet,1.0,1.0,1.0,ok
BraTS-MEN-RT-0599-1,bet_mask,1.0,1.0,1.0,ok
BraTS-MEN-RT-0599-1,gtv_mask,1.0,1.0,1.0,ok
BraTS-MEN-RT-0600-1,bet,1.0,1.0,1.0,ok
BraTS-MEN-RT-0600-1,bet_mask,1.0,1.0,1.0,ok
BraTS-MEN-RT-0600-1,gtv_mask,1.0,1.0,1.0,ok
BraTS-MEN-RT-0601-1,bet,1.0,1.0,1.0,ok
BraTS-MEN-RT-0601-1,bet_mask,1.0,1.0,1.0,ok
BraTS-MEN-RT-0601-1,gtv_mask,1.0,1.0,1.0,ok
BraTS-MEN-RT-0603-1,bet,1.0,1.0,1.0,ok
BraTS-MEN-RT-0603-1,bet_mask,1.0,1.0,1.0,ok
BraTS-MEN-RT-0603-1,gtv_mask,1.0,1.0,1.0,ok
BraTS-MEN-RT-0605-1,bet,1.0,1.0,1.0,ok
BraTS-MEN-RT-0605-1,bet_mask,1.0,1.0,1.0,ok
BraTS-MEN-RT-0605-1,gtv_mask,1.0,1.0,1.0,ok
BraTS-MEN-RT-0607-1,bet,1.0,1.0,1.0,ok
BraTS-MEN-RT-0607-1,bet_mask,1.0,1.0,1.0,ok
BraTS-MEN-RT-0607-1,gtv_mask,1.0,1.0,1.0,ok
BraTS-MEN-RT-0608-1,bet,1.0,1.0,1.0,ok
BraTS-MEN-RT-0608-1,bet_mask,1.0,1.0,1.0,ok
BraTS-MEN-RT-0608-1,gtv_mask,1.0,1.0,1.0,ok
BraTS-MEN-RT-0609-1,bet,1.0,1.0,1.0,ok
BraTS-MEN-RT-0609-1,bet_mask,1.0,1.0,1.0,ok
BraTS-MEN-RT-0609-1,gtv_mask,1.0,1.0,1.0,ok
BraTS-MEN-RT-0611-1,bet,1.0,1.0,1.0,ok
BraTS-MEN-RT-0611-1,bet_mask,1.0,1.0,1.0,ok
BraTS-MEN-RT-0611-1,gtv_mask,1.0,1.0,1.0,ok
BraTS-MEN-RT-0612-1,bet,1.0,1.0,1.0,ok
BraTS-MEN-RT-0612-1,bet_mask,1.0,1.0,1.0,ok
BraTS-MEN-RT-0612-1,gtv_mask,1.0,1.0,1.0,ok
BraTS-MEN-RT-0614-1,bet,1.0,1.0,1.0,ok
BraTS-MEN-RT-0614-1,bet_mask,1.0,1.0,1.0,ok
BraTS-MEN-RT-0614-1,gtv_mask,1.0,1.0,1.0,ok
BraTS-MEN-RT-0615-1,bet,1.0,1.0,1.0,ok
BraTS-MEN-RT-0615-1,bet_mask,1.0,1.0,1.0,ok
BraTS-MEN-RT-0615-1,gtv_mask,1.0,1.0,1.0,ok
BraTS-MEN-RT-0616-1,bet,1.0,1.0,1.0,ok
BraTS-MEN-RT-0616-1,bet_mask,1.0,1.0,1.0,ok
BraTS-MEN-RT-0616-1,gtv_mask,1.0,1.0,1.0,ok
BraTS-MEN-RT-0617-1,bet,1.0,1.0,1.0,ok
BraTS-MEN-RT-0617-1,bet_mask,1.0,1.0,1.0,ok
BraTS-MEN-RT-0617-1,gtv_mask,1.0,1.0,1.0,ok
BraTS-MEN-RT-0618-1,bet,1.0,1.0,1.0,ok
BraTS-MEN-RT-0618-1,bet_mask,1.0,1.0,1.0,ok
BraTS-MEN-RT-0618-1,gtv_mask,1.0,1.0,1.0,ok
BraTS-MEN-RT-0619-1,bet,1.0,1.0,1.0,ok
BraTS-MEN-RT-0619-1,bet_mask,1.0,1.0,1.0,ok
BraTS-MEN-RT-0619-1,gtv_mask,1.0,1.0,1.0,ok
BraTS-MEN-RT-0620-1,bet,1.0,1.0,1.0,ok
BraTS-MEN-RT-0620-1,bet_mask,1.0,1.0,1.0,ok
BraTS-MEN-RT-0620-1,gtv_mask,1.0,1.0,1.0,ok
BraTS-MEN-RT-0623-1,bet,1.0,1.0,1.0,ok
BraTS-MEN-RT-0623-1,bet_mask,1.0,1.0,1.0,ok
BraTS-MEN-RT-0623-1,gtv_mask,1.0,1.0,1.0,ok
BraTS-MEN-RT-0625-1,bet,1.0,1.0,1.0,ok
BraTS-MEN-RT-0625-1,bet_mask,1.0,1.0,1.0,ok
BraTS-MEN-RT-0625-1,gtv_mask,1.0,1.0,1.0,ok
BraTS-MEN-RT-0028-1,bet,1.0,1.0,1.0,ok
BraTS-MEN-RT-0028-1,bet_mask,1.0,1.0,1.0,ok
BraTS-MEN-RT-0028-1,gtv_mask,1.0,1.0,1.0,ok
BraTS-MEN-RT-0090-1,bet,1.0,1.0,1.0,ok
BraTS-MEN-RT-0090-1,bet_mask,1.0,1.0,1.0,ok
BraTS-MEN-RT-0090-1,gtv_mask,1.0,1.0,1.0,ok
BraTS-MEN-RT-0100-1,bet,1.0,1.0,1.0,ok
BraTS-MEN-RT-0100-1,bet_mask,1.0,1.0,1.0,ok
BraTS-MEN-RT-0100-1,gtv_mask,1.0,1.0,1.0,ok
BraTS-MEN-RT-0135-1,bet,1.0,1.0,1.0,ok
BraTS-MEN-RT-0135-1,bet_mask,1.0,1.0,1.0,ok
BraTS-MEN-RT-0135-1,gtv_mask,1.0,1.0,1.0,ok
BraTS-MEN-RT-0152-1,bet,1.0,1.0,1.0,ok
BraTS-MEN-RT-0152-1,bet_mask,1.0,1.0,1.0,ok
BraTS-MEN-RT-0152-1,gtv_mask,1.0,1.0,1.0,ok
BraTS-MEN-RT-0170-1,bet,1.0,1.0,1.0,ok
BraTS-MEN-RT-0170-1,bet_mask,1.0,1.0,1.0,ok
BraTS-MEN-RT-0170-1,gtv_mask,1.0,1.0,1.0,ok
BraTS-MEN-RT-0172-1,bet,1.0,1.0,1.0,ok
BraTS-MEN-RT-0172-1,bet_mask,1.0,1.0,1.0,ok
BraTS-MEN-RT-0172-1,gtv_mask,1.0,1.0,1.0,ok
BraTS-MEN-RT-0186-1,bet,1.0,1.0,1.0,ok
BraTS-MEN-RT-0186-1,bet_mask,1.0,1.0,1.0,ok
BraTS-MEN-RT-0186-1,gtv_mask,1.0,1.0,1.0,ok
BraTS-MEN-RT-0187-1,bet,1.0,1.0,1.0,ok
BraTS-MEN-RT-0187-1,bet_mask,1.0,1.0,1.0,ok
BraTS-MEN-RT-0187-1,gtv_mask,1.0,1.0,1.0,ok
BraTS-MEN-RT-0194-1,bet,1.0,1.0,1.0,ok
BraTS-MEN-RT-0194-1,bet_mask,1.0,1.0,1.0,ok
BraTS-MEN-RT-0194-1,gtv_mask,1.0,1.0,1.0,ok
BraTS-MEN-RT-0195-1,bet,1.0,1.0,1.0,ok
BraTS-MEN-RT-0195-1,bet_mask,1.0,1.0,1.0,ok
BraTS-MEN-RT-0195-1,gtv_mask,1.0,1.0,1.0,ok
BraTS-MEN-RT-0231-1,bet,1.0,1.0,1.0,ok
BraTS-MEN-RT-0231-1,bet_mask,1.0,1.0,1.0,ok
BraTS-MEN-RT-0231-1,gtv_mask,1.0,1.0,1.0,ok
BraTS-MEN-RT-0242-1,bet,1.0,1.0,1.0,ok
BraTS-MEN-RT-0242-1,bet_mask,1.0,1.0,1.0,ok
BraTS-MEN-RT-0242-1,gtv_mask,1.0,1.0,1.0,ok
BraTS-MEN-RT-0245-1,bet,1.0,1.0,1.0,ok
BraTS-MEN-RT-0245-1,bet_mask,1.0,1.0,1.0,ok
BraTS-MEN-RT-0245-1,gtv_mask,1.0,1.0,1.0,ok
BraTS-MEN-RT-0254-1,bet,1.0,1.0,1.0,ok
BraTS-MEN-RT-0254-1,bet_mask,1.0,1.0,1.0,ok
BraTS-MEN-RT-0254-1,gtv_mask,1.0,1.0,1.0,ok
BraTS-MEN-RT-0261-1,bet,1.0,1.0,1.0,ok
BraTS-MEN-RT-0261-1,bet_mask,1.0,1.0,1.0,ok
BraTS-MEN-RT-0261-1,gtv_mask,1.0,1.0,1.0,ok
BraTS-MEN-RT-0267-1,bet,1.0,1.0,1.0,ok
BraTS-MEN-RT-0267-1,bet_mask,1.0,1.0,1.0,ok
BraTS-MEN-RT-0267-1,gtv_mask,1.0,1.0,1.0,ok
BraTS-MEN-RT-0291-1,bet,1.0,1.0,1.0,ok
BraTS-MEN-RT-0291-1,bet_mask,1.0,1.0,1.0,ok
BraTS-MEN-RT-0291-1,gtv_mask,1.0,1.0,1.0,ok
BraTS-MEN-RT-0296-1,bet,1.0,1.0,1.0,ok
BraTS-MEN-RT-0296-1,bet_mask,1.0,1.0,1.0,ok
BraTS-MEN-RT-0296-1,gtv_mask,1.0,1.0,1.0,ok
BraTS-MEN-RT-0334-1,bet,1.0,1.0,1.0,ok
BraTS-MEN-RT-0334-1,bet_mask,1.0,1.0,1.0,ok
BraTS-MEN-RT-0334-1,gtv_mask,1.0,1.0,1.0,ok
BraTS-MEN-RT-0337-1,bet,1.0,1.0,1.0,ok
BraTS-MEN-RT-0337-1,bet_mask,1.0,1.0,1.0,ok
BraTS-MEN-RT-0337-1,gtv_mask,1.0,1.0,1.0,ok
BraTS-MEN-RT-0343-1,bet,1.0,1.0,1.0,ok
BraTS-MEN-RT-0343-1,bet_mask,1.0,1.0,1.0,ok
BraTS-MEN-RT-0343-1,gtv_mask,1.0,1.0,1.0,ok
BraTS-MEN-RT-0348-1,bet,1.0,1.0,1.0,ok
BraTS-MEN-RT-0348-1,bet_mask,1.0,1.0,1.0,ok
BraTS-MEN-RT-0348-1,gtv_mask,1.0,1.0,1.0,ok
BraTS-MEN-RT-0364-1,bet,1.0,1.0,1.0,ok
BraTS-MEN-RT-0364-1,bet_mask,1.0,1.0,1.0,ok
BraTS-MEN-RT-0364-1,gtv_mask,1.0,1.0,1.0,ok
BraTS-MEN-RT-0376-1,bet,1.0,1.0,1.0,ok
BraTS-MEN-RT-0376-1,bet_mask,1.0,1.0,1.0,ok
BraTS-MEN-RT-0376-1,gtv_mask,1.0,1.0,1.0,ok
BraTS-MEN-RT-0396-1,bet,1.0,1.0,1.0,ok
BraTS-MEN-RT-0396-1,bet_mask,1.0,1.0,1.0,ok
BraTS-MEN-RT-0396-1,gtv_mask,1.0,1.0,1.0,ok
BraTS-MEN-RT-0404-1,bet,1.0,1.0,1.0,ok
BraTS-MEN-RT-0404-1,bet_mask,1.0,1.0,1.0,ok
BraTS-MEN-RT-0404-1,gtv_mask,1.0,1.0,1.0,ok
BraTS-MEN-RT-0417-1,bet,1.0,1.0,1.0,ok
BraTS-MEN-RT-0417-1,bet_mask,1.0,1.0,1.0,ok
BraTS-MEN-RT-0417-1,gtv_mask,1.0,1.0,1.0,ok
BraTS-MEN-RT-0428-1,bet,1.0,1.0,1.0,ok
BraTS-MEN-RT-0428-1,bet_mask,1.0,1.0,1.0,ok
BraTS-MEN-RT-0428-1,gtv_mask,1.0,1.0,1.0,ok
BraTS-MEN-RT-0435-1,bet,1.0,1.0,1.0,ok
BraTS-MEN-RT-0435-1,bet_mask,1.0,1.0,1.0,ok
BraTS-MEN-RT-0435-1,gtv_mask,1.0,1.0,1.0,ok
BraTS-MEN-RT-0440-1,bet,1.0,1.0,1.0,ok
BraTS-MEN-RT-0440-1,bet_mask,1.0,1.0,1.0,ok
BraTS-MEN-RT-0440-1,gtv_mask,1.0,1.0,1.0,ok
BraTS-MEN-RT-0444-1,bet,1.0,1.0,1.0,ok
BraTS-MEN-RT-0444-1,bet_mask,1.0,1.0,1.0,ok
BraTS-MEN-RT-0444-1,gtv_mask,1.0,1.0,1.0,ok
BraTS-MEN-RT-0464-1,bet,1.0,1.0,1.0,ok
BraTS-MEN-RT-0464-1,bet_mask,1.0,1.0,1.0,ok
BraTS-MEN-RT-0464-1,gtv_mask,1.0,1.0,1.0,ok
BraTS-MEN-RT-0476-1,bet,1.0,1.0,1.0,ok
BraTS-MEN-RT-0476-1,bet_mask,1.0,1.0,1.0,ok
BraTS-MEN-RT-0476-1,gtv_mask,1.0,1.0,1.0,ok
BraTS-MEN-RT-0486-1,bet,1.0,1.0,1.0,ok
BraTS-MEN-RT-0486-1,bet_mask,1.0,1.0,1.0,ok
BraTS-MEN-RT-0486-1,gtv_mask,1.0,1.0,1.0,ok
BraTS-MEN-RT-0495-1,bet,1.0,1.0,1.0,ok
BraTS-MEN-RT-0495-1,bet_mask,1.0,1.0,1.0,ok
BraTS-MEN-RT-0495-1,gtv_mask,1.0,1.0,1.0,ok
BraTS-MEN-RT-0519-1,bet,1.0,1.0,1.0,ok
BraTS-MEN-RT-0519-1,bet_mask,1.0,1.0,1.0,ok
BraTS-MEN-RT-0519-1,gtv_mask,1.0,1.0,1.0,ok
BraTS-MEN-RT-0525-1,bet,1.0,1.0,1.0,ok
BraTS-MEN-RT-0525-1,bet_mask,1.0,1.0,1.0,ok
BraTS-MEN-RT-0525-1,gtv_mask,1.0,1.0,1.0,ok
BraTS-MEN-RT-0528-1,bet,1.0,1.0,1.0,ok
BraTS-MEN-RT-0528-1,bet_mask,1.0,1.0,1.0,ok
BraTS-MEN-RT-0528-1,gtv_mask,1.0,1.0,1.0,ok
BraTS-MEN-RT-0532-1,bet,1.0,1.0,1.0,ok
BraTS-MEN-RT-0532-1,bet_mask,1.0,1.0,1.0,ok
BraTS-MEN-RT-0532-1,gtv_mask,1.0,1.0,1.0,ok
BraTS-MEN-RT-0539-1,bet,1.0,1.0,1.0,ok
BraTS-MEN-RT-0539-1,bet_mask,1.0,1.0,1.0,ok
BraTS-MEN-RT-0539-1,gtv_mask,1.0,1.0,1.0,ok
BraTS-MEN-RT-0553-1,bet,1.0,1.0,1.0,ok
BraTS-MEN-RT-0553-1,bet_mask,1.0,1.0,1.0,ok
BraTS-MEN-RT-0553-1,gtv_mask,1.0,1.0,1.0,ok
BraTS-MEN-RT-0572-1,bet,1.0,1.0,1.0,ok
BraTS-MEN-RT-0572-1,bet_mask,1.0,1.0,1.0,ok
BraTS-MEN-RT-0572-1,gtv_mask,1.0,1.0,1.0,ok
BraTS-MEN-RT-0594-1,bet,1.0,1.0,1.0,ok
BraTS-MEN-RT-0594-1,bet_mask,1.0,1.0,1.0,ok
BraTS-MEN-RT-0594-1,gtv_mask,1.0,1.0,1.0,ok
BraTS-MEN-RT-0621-1,bet,1.0,1.0,1.0,ok
BraTS-MEN-RT-0621-1,bet_mask,1.0,1.0,1.0,ok
BraTS-MEN-RT-0621-1,gtv_mask,1.0,1.0,1.0,ok
BraTS-MEN-RT-0011-1,bet,1.0,1.0,1.0,ok
BraTS-MEN-RT-0011-1,bet_mask,1.0,1.0,1.0,ok
BraTS-MEN-RT-0011-1,gtv_mask,1.0,1.0,1.0,ok
BraTS-MEN-RT-0020-1,bet,1.0,1.0,1.0,ok
BraTS-MEN-RT-0020-1,bet_mask,1.0,1.0,1.0,ok
BraTS-MEN-RT-0020-1,gtv_mask,1.0,1.0,1.0,ok
BraTS-MEN-RT-0022-1,bet,1.0,1.0,1.0,ok
BraTS-MEN-RT-0022-1,bet_mask,1.0,1.0,1.0,ok
BraTS-MEN-RT-0022-1,gtv_mask,1.0,1.0,1.0,ok
BraTS-MEN-RT-0041-1,bet,1.0,1.0,1.0,ok
BraTS-MEN-RT-0041-1,bet_mask,1.0,1.0,1.0,ok
BraTS-MEN-RT-0041-1,gtv_mask,1.0,1.0,1.0,ok
BraTS-MEN-RT-0045-1,bet,1.0,1.0,1.0,ok
BraTS-MEN-RT-0045-1,bet_mask,1.0,1.0,1.0,ok
BraTS-MEN-RT-0045-1,gtv_mask,1.0,1.0,1.0,ok
BraTS-MEN-RT-0053-1,bet,1.0,1.0,1.0,ok
BraTS-MEN-RT-0053-1,bet_mask,1.0,1.0,1.0,ok
BraTS-MEN-RT-0053-1,gtv_mask,1.0,1.0,1.0,ok
BraTS-MEN-RT-0068-1,bet,1.0,1.0,1.0,ok
BraTS-MEN-RT-0068-1,bet_mask,1.0,1.0,1.0,ok
BraTS-MEN-RT-0068-1,gtv_mask,1.0,1.0,1.0,ok
BraTS-MEN-RT-0075-1,bet,1.0,1.0,1.0,ok
BraTS-MEN-RT-0075-1,bet_mask,1.0,1.0,1.0,ok
BraTS-MEN-RT-0075-1,gtv_mask,1.0,1.0,1.0,ok
BraTS-MEN-RT-0086-1,bet,1.0,1.0,1.0,ok
BraTS-MEN-RT-0086-1,bet_mask,1.0,1.0,1.0,ok
BraTS-MEN-RT-0086-1,gtv_mask,1.0,1.0,1.0,ok
BraTS-MEN-RT-0087-1,bet,1.0,1.0,1.0,ok
BraTS-MEN-RT-0087-1,bet_mask,1.0,1.0,1.0,ok
BraTS-MEN-RT-0087-1,gtv_mask,1.0,1.0,1.0,ok
BraTS-MEN-RT-0092-1,bet,1.0,1.0,1.0,ok
BraTS-MEN-RT-0092-1,bet_mask,1.0,1.0,1.0,ok
BraTS-MEN-RT-0092-1,gtv_mask,1.0,1.0,1.0,ok
BraTS-MEN-RT-0109-1,bet,1.0,1.0,1.0,ok
BraTS-MEN-RT-0109-1,bet_mask,1.0,1.0,1.0,ok
BraTS-MEN-RT-0109-1,gtv_mask,1.0,1.0,1.0,ok
BraTS-MEN-RT-0145-1,bet,1.0,1.0,1.0,ok
BraTS-MEN-RT-0145-1,bet_mask,1.0,1.0,1.0,ok
BraTS-MEN-RT-0145-1,gtv_mask,1.0,1.0,1.0,ok
BraTS-MEN-RT-0163-1,bet,1.0,1.0,1.0,ok
BraTS-MEN-RT-0163-1,bet_mask,1.0,1.0,1.0,ok
BraTS-MEN-RT-0163-1,gtv_mask,1.0,1.0,1.0,ok
BraTS-MEN-RT-0164-1,bet,1.0,1.0,1.0,ok
BraTS-MEN-RT-0164-1,bet_mask,1.0,1.0,1.0,ok
BraTS-MEN-RT-0164-1,gtv_mask,1.0,1.0,1.0,ok
BraTS-MEN-RT-0165-1,bet,1.0,1.0,1.0,ok
BraTS-MEN-RT-0165-1,bet_mask,1.0,1.0,1.0,ok
BraTS-MEN-RT-0165-1,gtv_mask,1.0,1.0,1.0,ok
BraTS-MEN-RT-0201-1,bet,1.0,1.0,1.0,ok
BraTS-MEN-RT-0201-1,bet_mask,1.0,1.0,1.0,ok
BraTS-MEN-RT-0201-1,gtv_mask,1.0,1.0,1.0,ok
BraTS-MEN-RT-0214-1,bet,1.0,1.0,1.0,ok
BraTS-MEN-RT-0214-1,bet_mask,1.0,1.0,1.0,ok
BraTS-MEN-RT-0214-1,gtv_mask,1.0,1.0,1.0,ok
BraTS-MEN-RT-0219-1,bet,1.0,1.0,1.0,ok
BraTS-MEN-RT-0219-1,bet_mask,1.0,1.0,1.0,ok
BraTS-MEN-RT-0219-1,gtv_mask,1.0,1.0,1.0,ok
BraTS-MEN-RT-0233-1,bet,1.0,1.0,1.0,ok
BraTS-MEN-RT-0233-1,bet_mask,1.0,1.0,1.0,ok
BraTS-MEN-RT-0233-1,gtv_mask,1.0,1.0,1.0,ok
BraTS-MEN-RT-0237-1,bet,1.0,1.0,1.0,ok
BraTS-MEN-RT-0237-1,bet_mask,1.0,1.0,1.0,ok
BraTS-MEN-RT-0237-1,gtv_mask,1.0,1.0,1.0,ok
BraTS-MEN-RT-0238-1,bet,1.0,1.0,1.0,ok
BraTS-MEN-RT-0238-1,bet_mask,1.0,1.0,1.0,ok
BraTS-MEN-RT-0238-1,gtv_mask,1.0,1.0,1.0,ok
BraTS-MEN-RT-0246-1,bet,1.0,1.0,1.0,ok
BraTS-MEN-RT-0246-1,bet_mask,1.0,1.0,1.0,ok
BraTS-MEN-RT-0246-1,gtv_mask,1.0,1.0,1.0,ok
BraTS-MEN-RT-0256-1,bet,1.0,1.0,1.0,ok
BraTS-MEN-RT-0256-1,bet_mask,1.0,1.0,1.0,ok
BraTS-MEN-RT-0256-1,gtv_mask,1.0,1.0,1.0,ok
BraTS-MEN-RT-0262-1,bet,1.0,1.0,1.0,ok
BraTS-MEN-RT-0262-1,bet_mask,1.0,1.0,1.0,ok
BraTS-MEN-RT-0262-1,gtv_mask,1.0,1.0,1.0,ok
BraTS-MEN-RT-0264-1,bet,1.0,1.0,1.0,ok
BraTS-MEN-RT-0264-1,bet_mask,1.0,1.0,1.0,ok
BraTS-MEN-RT-0264-1,gtv_mask,1.0,1.0,1.0,ok
BraTS-MEN-RT-0287-1,bet,1.0,1.0,1.0,ok
BraTS-MEN-RT-0287-1,bet_mask,1.0,1.0,1.0,ok
BraTS-MEN-RT-0287-1,gtv_mask,1.0,1.0,1.0,ok
BraTS-MEN-RT-0288-1,bet,1.0,1.0,1.0,ok
BraTS-MEN-RT-0288-1,bet_mask,1.0,1.0,1.0,ok
BraTS-MEN-RT-0288-1,gtv_mask,1.0,1.0,1.0,ok
BraTS-MEN-RT-0304-1,bet,1.0,1.0,1.0,ok
BraTS-MEN-RT-0304-1,bet_mask,1.0,1.0,1.0,ok
BraTS-MEN-RT-0304-1,gtv_mask,1.0,1.0,1.0,ok
BraTS-MEN-RT-0320-1,bet,1.0,1.0,1.0,ok
BraTS-MEN-RT-0320-1,bet_mask,1.0,1.0,1.0,ok
BraTS-MEN-RT-0320-1,gtv_mask,1.0,1.0,1.0,ok
BraTS-MEN-RT-0323-1,bet,1.0,1.0,1.0,ok
BraTS-MEN-RT-0323-1,bet_mask,1.0,1.0,1.0,ok
BraTS-MEN-RT-0323-1,gtv_mask,1.0,1.0,1.0,ok
BraTS-MEN-RT-0327-1,bet,1.0,1.0,1.0,ok
BraTS-MEN-RT-0327-1,bet_mask,1.0,1.0,1.0,ok
BraTS-MEN-RT-0327-1,gtv_mask,1.0,1.0,1.0,ok
BraTS-MEN-RT-0349-1,bet,1.0,1.0,1.0,ok
BraTS-MEN-RT-0349-1,bet_mask,1.0,1.0,1.0,ok
BraTS-MEN-RT-0349-1,gtv_mask,1.0,1.0,1.0,ok
BraTS-MEN-RT-0367-1,bet,1.0,1.0,1.0,ok
BraTS-MEN-RT-0367-1,bet_mask,1.0,1.0,1.0,ok
BraTS-MEN-RT-0367-1,gtv_mask,1.0,1.0,1.0,ok
BraTS-MEN-RT-0371-1,bet,1.0,1.0,1.0,ok
BraTS-MEN-RT-0371-1,bet_mask,1.0,1.0,1.0,ok
BraTS-MEN-RT-0371-1,gtv_mask,1.0,1.0,1.0,ok
BraTS-MEN-RT-0385-1,bet,1.0,1.0,1.0,ok
BraTS-MEN-RT-0385-1,bet_mask,1.0,1.0,1.0,ok
BraTS-MEN-RT-0385-1,gtv_mask,1.0,1.0,1.0,ok
BraTS-MEN-RT-0398-1,bet,1.0,1.0,1.0,ok
BraTS-MEN-RT-0398-1,bet_mask,1.0,1.0,1.0,ok
BraTS-MEN-RT-0398-1,gtv_mask,1.0,1.0,1.0,ok
BraTS-MEN-RT-0403-1,bet,1.0,1.0,1.0,ok
BraTS-MEN-RT-0403-1,bet_mask,1.0,1.0,1.0,ok
BraTS-MEN-RT-0403-1,gtv_mask,1.0,1.0,1.0,ok
BraTS-MEN-RT-0416-1,bet,1.0,1.0,1.0,ok
BraTS-MEN-RT-0416-1,bet_mask,1.0,1.0,1.0,ok
BraTS-MEN-RT-0416-1,gtv_mask,1.0,1.0,1.0,ok
BraTS-MEN-RT-0501-1,bet,1.0,1.0,1.0,ok
BraTS-MEN-RT-0501-1,bet_mask,1.0,1.0,1.0,ok
BraTS-MEN-RT-0501-1,gtv_mask,1.0,1.0,1.0,ok
BraTS-MEN-RT-0502-1,bet,1.0,1.0,1.0,ok
BraTS-MEN-RT-0502-1,bet_mask,1.0,1.0,1.0,ok
BraTS-MEN-RT-0502-1,gtv_mask,1.0,1.0,1.0,ok
BraTS-MEN-RT-0514-1,bet,1.0,1.0,1.0,ok
BraTS-MEN-RT-0514-1,bet_mask,1.0,1.0,1.0,ok
BraTS-MEN-RT-0514-1,gtv_mask,1.0,1.0,1.0,ok
BraTS-MEN-RT-0523-1,bet,1.0,1.0,1.0,ok
BraTS-MEN-RT-0523-1,bet_mask,1.0,1.0,1.0,ok
BraTS-MEN-RT-0523-1,gtv_mask,1.0,1.0,1.0,ok
BraTS-MEN-RT-0529-1,bet,1.0,1.0,1.0,ok
BraTS-MEN-RT-0529-1,bet_mask,1.0,1.0,1.0,ok
BraTS-MEN-RT-0529-1,gtv_mask,1.0,1.0,1.0,ok
BraTS-MEN-RT-0568-1,bet,1.0,1.0,1.0,ok
BraTS-MEN-RT-0568-1,bet_mask,1.0,1.0,1.0,ok
BraTS-MEN-RT-0568-1,gtv_mask,1.0,1.0,1.0,ok
BraTS-MEN-RT-0575-1,bet,1.0,1.0,1.0,ok
BraTS-MEN-RT-0575-1,bet_mask,1.0,1.0,1.0,ok
BraTS-MEN-RT-0575-1,gtv_mask,1.0,1.0,1.0,ok
BraTS-MEN-RT-0577-1,bet,1.0,1.0,1.0,ok
BraTS-MEN-RT-0577-1,bet_mask,1.0,1.0,1.0,ok
BraTS-MEN-RT-0577-1,gtv_mask,1.0,1.0,1.0,ok
BraTS-MEN-RT-0581-1,bet,1.0,1.0,1.0,ok
BraTS-MEN-RT-0581-1,bet_mask,1.0,1.0,1.0,ok
BraTS-MEN-RT-0581-1,gtv_mask,1.0,1.0,1.0,ok
BraTS-MEN-RT-0592-1,bet,1.0,1.0,1.0,ok
BraTS-MEN-RT-0592-1,bet_mask,1.0,1.0,1.0,ok
BraTS-MEN-RT-0592-1,gtv_mask,1.0,1.0,1.0,ok
BraTS-MEN-RT-0610-1,bet,1.0,1.0,1.0,ok
BraTS-MEN-RT-0610-1,bet_mask,1.0,1.0,1.0,ok
BraTS-MEN-RT-0610-1,gtv_mask,1.0,1.0,1.0,ok
