case,split,z,x_min,x_max,y_min,y_max
BraTS-MEN-RT-0011-1,test,64,133,138,134,144
BraTS-MEN-RT-0011-1,test,65,133,138,134,144
BraTS-MEN-RT-0011-1,test,66,133,139,134,145
BraTS-MEN-RT-0011-1,test,67,133,141,132,146
BraTS-MEN-RT-0011-1,test,68,133,140,131,145
BraTS-MEN-RT-0011-1,test,69,133,140,131,145
BraTS-MEN-RT-0011-1,test,70,134,141,131,144
BraTS-MEN-RT-0011-1,test,71,135,142,131,143
BraTS-MEN-RT-0011-1,test,72,135,142,131,143
BraTS-MEN-RT-0011-1,test,73,135,141,132,141
BraTS-MEN-RT-0011-1,test,74,135,141,132,140
BraTS-MEN-RT-0011-1,test,75,136,140,132,139
BraTS-MEN-RT-0011-1,test,76,136,140,132,139
BraTS-MEN-RT-0011-1,test,77,137,140,132,138
BraTS-MEN-RT-0011-1,test,78,138,139,133,137
BraTS-MEN-RT-0011-1,test,79,138,139,133,137
BraTS-MEN-RT-0020-1,test,64,141,143,125,130
BraTS-MEN-RT-0020-1,test,65,141,143,125,130
BraTS-MEN-RT-0020-1,test,66,140,145,121,130
BraTS-MEN-RT-0020-1,test,67,140,145,121,130
BraTS-MEN-RT-0020-1,test,68,141,146,123,130
BraTS-MEN-RT-0020-1,test,69,141,146,123,130
BraTS-MEN-RT-0022-1,test,131,188,191,100,102
BraTS-MEN-RT-0022-1,test,132,188,191,100,102
BraTS-MEN-RT-0022-1,test,133,186,191,100,104
BraTS-MEN-RT-0022-1,test,134,185,191,99,105
BraTS-MEN-RT-0022-1,test,135,185,191,99,105
BraTS-MEN-RT-0022-1,test,136,184,191,98,105
BraTS-MEN-RT-0022-1,test,137,184,191,96,106
BraTS-MEN-RT-0022-1,test,138,183,191,96,105
BraTS-MEN-RT-0022-1,test,139,183,191,96,105
BraTS-MEN-RT-0022-1,test,140,183,189,96,104
BraTS-MEN-RT-0022-1,test,141,183,190,97,102
BraTS-MEN-RT-0022-1,test,142,183,190,97,102
BraTS-MEN-RT-0022-1,test,143,183,187,98,101
BraTS-MEN-RT-0041-1,test,38,75,79,105,109
BraTS-MEN-RT-0041-1,test,39,75,79,105,109
BraTS-MEN-RT-0041-1,test,40,72,79,104,112
BraTS-MEN-RT-0041-1,test,41,72,79,104,112
BraTS-MEN-RT-0041-1,test,42,71,80,105,113
BraTS-MEN-RT-0041-1,test,43,71,80,105,113
BraTS-MEN-RT-0041-1,test,44,70,81,103,114
BraTS-MEN-RT-0041-1,test,45,70,81,103,114
BraTS-MEN-RT-0041-1,test,46,69,81,104,114
BraTS-MEN-RT-0041-1,test,47,69,81,104,114
BraTS-MEN-RT-0041-1,test,48,67,81,100,115
BraTS-MEN-RT-0041-1,test,49,67,81,100,115
BraTS-MEN-RT-0041-1,test,50,67,81,101,116
BraTS-MEN-RT-0041-1,test,51,67,81,101,116
BraTS-MEN-RT-0041-1,test,52,69,81,101,117
BraTS-MEN-RT-0041-1,test,53,69,81,101,117
BraTS-MEN-RT-0041-1,test,54,70,78,103,112
BraTS-MEN-RT-0041-1,test,55,70,78,103,112
BraTS-MEN-RT-0041-1,test,56,71,76,106,112
BraTS-MEN-RT-0041-1,test,57,71,76,106,112
BraTS-MEN-RT-0045-1,test,54,126,132,134,138
BraTS-MEN-RT-0045-1,test,55,126,132,134,138
BraTS-MEN-RT-0045-1,test,56,125,135,132,142
BraTS-MEN-RT-0045-1,test,57,124,137,130,144
BraTS-MEN-RT-0045-1,test,58,124,137,130,144
BraTS-MEN-RT-0045-1,test,59,122,137,130,144
BraTS-MEN-RT-0045-1,test,60,122,137,128,143
BraTS-MEN-RT-0045-1,test,61,122,137,128,144
BraTS-MEN-RT-0045-1,test,62,122,137,128,144
BraTS-MEN-RT-0045-1,test,63,122,138,127,143
BraTS-MEN-RT-0045-1,test,64,121,138,127,144
BraTS-MEN-RT-0045-1,test,65,121,138,127,144
BraTS-MEN-RT-0045-1,test,66,121,139,126,145
BraTS-MEN-RT-0045-1,test,67,119,139,126,143
BraTS-MEN-RT-0045-1,test,68,119,138,126,142
BraTS-MEN-RT-0045-1,test,69,119,138,126,142
BraTS-MEN-RT-0045-1,test,70,119,139,126,140
BraTS-MEN-RT-0045-1,test,71,120,139,126,139
BraTS-MEN-RT-0045-1,test,72,120,139,126,139
BraTS-MEN-RT-0045-1,test,73,120,137,127,138
BraTS-MEN-RT-0045-1,test,74,122,135,128,137
BraTS-MEN-RT-0045-1,test,75,124,134,130,136
BraTS-MEN-RT-0045-1,test,76,124,134,130,136
BraTS-MEN-RT-0045-1,test,77,128,131,132,134
BraTS-MEN-RT-0053-1,test,122,191,200,122,129
BraTS-MEN-RT-0053-1,test,123,191,200,122,129
BraTS-MEN-RT-0053-1,test,124,189,201,121,130
BraTS-MEN-RT-0053-1,test,125,189,201,121,130
BraTS-MEN-RT-0053-1,test,126,189,202,119,132
BraTS-MEN-RT-0053-1,test,127,189,202,119,132
BraTS-MEN-RT-0053-1,test,128,189,202,119,132
BraTS-MEN-RT-0053-1,test,129,189,202,119,132
BraTS-MEN-RT-0053-1,test,130,188,205,116,132
BraTS-MEN-RT-0053-1,test,131,188,205,116,132
BraTS-MEN-RT-0053-1,test,132,187,205,117,132
BraTS-MEN-RT-0053-1,test,133,187,205,117,132
BraTS-MEN-RT-0053-1,test,134,187,203,117,132
BraTS-MEN-RT-0053-1,test,135,187,203,117,132
BraTS-MEN-RT-0053-1,test,136,186,202,116,134
BraTS-MEN-RT-0053-1,test,137,186,202,116,134
BraTS-MEN-RT-0053-1,test,138,185,202,119,135
BraTS-MEN-RT-0053-1,test,139,185,202,119,135
BraTS-MEN-RT-0053-1,test,140,186,200,120,135
BraTS-MEN-RT-0053-1,test,141,186,200,120,135
BraTS-MEN-RT-0053-1,test,142,186,198,120,135
BraTS-MEN-RT-0053-1,test,143,186,198,120,135
BraTS-MEN-RT-0053-1,test,144,184,196,122,138
BraTS-MEN-RT-0053-1,test,145,184,196,122,138
BraTS-MEN-RT-0053-1,test,146,177,192,128,137
BraTS-MEN-RT-0053-1,test,147,177,192,128,137
BraTS-MEN-RT-0068-1,test,75,73,82,134,142
BraTS-MEN-RT-0068-1,test,76,71,98,99,142
BraTS-MEN-RT-0068-1,test,77,71,100,98,144
BraTS-MEN-RT-0068-1,test,78,70,101,97,146
BraTS-MEN-RT-0068-1,test,79,69,102,96,147
BraTS-MEN-RT-0068-1,test,80,69,104,95,148
BraTS-MEN-RT-0068-1,test,81,69,104,87,148
BraTS-MEN-RT-0068-1,test,82,69,105,87,148
BraTS-MEN-RT-0068-1,test,83,69,106,86,148
BraTS-MEN-RT-0068-1,test,84,69,106,86,148
BraTS-MEN-RT-0068-1,test,85,70,106,86,148
BraTS-MEN-RT-0068-1,test,86,70,106,85,150
BraTS-MEN-RT-0068-1,test,87,71,106,85,152
BraTS-MEN-RT-0068-1,test,88,70,106,85,154
BraTS-MEN-RT-0068-1,test,89,69,107,85,154
BraTS-MEN-RT-0068-1,test,90,69,108,85,156
BraTS-MEN-RT-0068-1,test,91,69,108,85,157
BraTS-MEN-RT-0068-1,test,92,69,108,86,158
BraTS-MEN-RT-0068-1,test,93,68,108,86,160
BraTS-MEN-RT-0068-1,test,94,67,108,87,161
BraTS-MEN-RT-0068-1,test,95,67,108,87,161
BraTS-MEN-RT-0068-1,test,96,67,108,86,162
BraTS-MEN-RT-0068-1,test,97,67,109,86,163
BraTS-MEN-RT-0068-1,test,98,68,109,85,163
BraTS-MEN-RT-0068-1,test,99,69,109,85,163
BraTS-MEN-RT-0068-1,test,100,69,109,85,163
BraTS-MEN-RT-0068-1,test,101,69,109,87,162
BraTS-MEN-RT-0068-1,test,102,70,109,86,161
BraTS-MEN-RT-0068-1,test,103,71,109,87,161
BraTS-MEN-RT-0068-1,test,104,71,108,88,161
BraTS-MEN-RT-0068-1,test,105,71,108,88,161
BraTS-MEN-RT-0068-1,test,106,73,107,91,161
BraTS-MEN-RT-0068-1,test,107,73,106,91,160
BraTS-MEN-RT-0068-1,test,108,74,104,91,160
BraTS-MEN-RT-0068-1,test,109,78,102,106,159
BraTS-MEN-RT-0068-1,test,110,78,102,106,159
BraTS-MEN-RT-0068-1,test,111,79,95,143,157
BraTS-MEN-RT-0068-1,test,112,79,93,143,157
BraTS-MEN-RT-0068-1,test,113,80,91,144,156
BraTS-MEN-RT-0068-1,test,119,87,93,168,174
BraTS-MEN-RT-0068-1,test,120,86,94,167,178
BraTS-MEN-RT-0068-1,test,121,86,95,167,178
BraTS-MEN-RT-0068-1,test,122,85,96,167,178
BraTS-MEN-RT-0068-1,test,123,85,96,167,178
BraTS-MEN-RT-0068-1,test,124,85,96,167,176
BraTS-MEN-RT-0068-1,test,125,85,96,168,176
BraTS-MEN-RT-0068-1,test,126,86,96,168,176
BraTS-MEN-RT-0068-1,test,127,86,96,168,175
BraTS-MEN-RT-0068-1,test,128,86,96,168,174
BraTS-MEN-RT-0068-1,test,129,87,96,170,174
BraTS-MEN-RT-0068-1,test,130,88,96,170,174
BraTS-MEN-RT-0068-1,test,138,120,121,116,117
BraTS-MEN-RT-0068-1,test,139,119,122,115,118
BraTS-MEN-RT-0068-1,test,140,118,123,114,118
BraTS-MEN-RT-0068-1,test,141,117,123,114,117
BraTS-MEN-RT-0068-1,test,142,116,123,114,117
BraTS-MEN-RT-0068-1,test,143,117,123,114,117
BraTS-MEN-RT-0068-1,test,144,118,122,115,117
BraTS-MEN-RT-0075-1,test,46,160,177,137,145
BraTS-MEN-RT-0075-1,test,47,160,177,137,145
BraTS-MEN-RT-0075-1,test,48,161,185,134,150
BraTS-MEN-RT-0075-1,test,49,161,185,134,150
BraTS-MEN-RT-0075-1,test,50,161,184,135,153
BraTS-MEN-RT-0075-1,test,51,161,184,135,153
BraTS-MEN-RT-0075-1,test,52,160,183,134,158
BraTS-MEN-RT-0075-1,test,53,160,183,134,158
BraTS-MEN-RT-0075-1,test,54,161,183,134,156
BraTS-MEN-RT-0075-1,test,55,161,183,134,156
BraTS-MEN-RT-0075-1,test,56,161,182,134,156
BraTS-MEN-RT-0075-1,test,57,161,182,134,156
BraTS-MEN-RT-0075-1,test,58,161,182,135,156
BraTS-MEN-RT-0075-1,test,59,161,182,135,156
BraTS-MEN-RT-0075-1,test,60,161,180,136,156
BraTS-MEN-RT-0075-1,test,61,161,180,136,156
BraTS-MEN-RT-0075-1,test,62,162,181,136,157
BraTS-MEN-RT-0075-1,test,63,162,181,136,157
BraTS-MEN-RT-0075-1,test,64,165,176,139,152
BraTS-MEN-RT-0075-1,test,65,165,176,139,152
BraTS-MEN-RT-0075-1,test,66,167,175,140,151
BraTS-MEN-RT-0075-1,test,67,167,175,140,151
BraTS-MEN-RT-0075-1,test,72,188,198,147,158
BraTS-MEN-RT-0075-1,test,73,188,198,147,158
BraTS-MEN-RT-0075-1,test,74,187,201,146,161
BraTS-MEN-RT-0075-1,test,75,187,201,146,161
BraTS-MEN-RT-0075-1,test,76,183,201,143,165
BraTS-MEN-RT-0075-1,test,77,183,201,143,165
BraTS-MEN-RT-0075-1,test,78,182,202,141,167
BraTS-MEN-RT-0075-1,test,79,182,202,141,167
BraTS-MEN-RT-0075-1,test,80,180,202,140,168
BraTS-MEN-RT-0075-1,test,81,180,202,140,168
BraTS-MEN-RT-0075-1,test,82,179,203,136,169
BraTS-MEN-RT-0075-1,test,83,179,203,136,169
BraTS-MEN-RT-0075-1,test,84,178,202,135,165
BraTS-MEN-RT-0075-1,test,85,178,202,135,165
BraTS-MEN-RT-0075-1,test,86,175,200,123,163
BraTS-MEN-RT-0075-1,test,87,175,200,123,163
BraTS-MEN-RT-0075-1,test,88,174,199,123,160
BraTS-MEN-RT-0075-1,test,89,174,199,123,160
BraTS-MEN-RT-0075-1,test,90,174,199,125,160
BraTS-MEN-RT-0075-1,test,91,174,199,125,160
BraTS-MEN-RT-0075-1,test,92,173,199,124,158
BraTS-MEN-RT-0075-1,test,93,173,199,124,158
BraTS-MEN-RT-0075-1,test,94,171,197,123,157
BraTS-MEN-RT-0075-1,test,95,171,197,123,157
BraTS-MEN-RT-0075-1,test,96,171,195,123,156
BraTS-MEN-RT-0075-1,test,97,171,195,123,156
BraTS-MEN-RT-0075-1,test,98,170,193,123,155
BraTS-MEN-RT-0075-1,test,99,170,193,123,155
BraTS-MEN-RT-0075-1,test,100,168,193,131,153
BraTS-MEN-RT-0075-1,test,101,168,193,131,153
BraTS-MEN-RT-0075-1,test,102,168,189,132,151
BraTS-MEN-RT-0075-1,test,103,168,189,132,151
BraTS-MEN-RT-0075-1,test,104,168,189,130,149
BraTS-MEN-RT-0075-1,test,105,168,189,130,149
BraTS-MEN-RT-0086-1,test,46,152,160,90,94
BraTS-MEN-RT-0086-1,test,47,137,164,88,106
BraTS-MEN-RT-0086-1,test,48,138,167,85,107
BraTS-MEN-RT-0086-1,test,49,139,170,87,106
BraTS-MEN-RT-0086-1,test,50,137,170,87,106
BraTS-MEN-RT-0086-1,test,51,119,172,86,106
BraTS-MEN-RT-0086-1,test,52,119,170,87,106
BraTS-MEN-RT-0086-1,test,53,116,168,87,106
BraTS-MEN-RT-0086-1,test,54,118,168,87,108
BraTS-MEN-RT-0086-1,test,55,115,167,89,108
BraTS-MEN-RT-0086-1,test,56,115,166,89,109
BraTS-MEN-RT-0086-1,test,57,116,164,89,109
BraTS-MEN-RT-0086-1,test,58,115,163,87,111
BraTS-MEN-RT-0086-1,test,59,113,165,87,111
BraTS-MEN-RT-0086-1,test,60,112,166,89,112
BraTS-MEN-RT-0086-1,test,61,113,163,87,112
BraTS-MEN-RT-0086-1,test,62,113,161,86,112
BraTS-MEN-RT-0086-1,test,63,113,157,84,112
BraTS-MEN-RT-0086-1,test,64,115,161,83,112
BraTS-MEN-RT-0086-1,test,65,115,158,83,114
BraTS-MEN-RT-0086-1,test,66,114,161,85,114
BraTS-MEN-RT-0086-1,test,67,117,167,84,114
BraTS-MEN-RT-0086-1,test,68,118,166,87,115
BraTS-MEN-RT-0086-1,test,69,123,164,85,117
BraTS-MEN-RT-0086-1,test,70,120,166,84,115
BraTS-MEN-RT-0086-1,test,71,123,169,87,113
BraTS-MEN-RT-0086-1,test,72,149,172,85,104
BraTS-MEN-RT-0086-1,test,73,154,173,87,102
BraTS-MEN-RT-0086-1,test,74,155,174,87,101
BraTS-MEN-RT-0086-1,test,75,158,172,92,103
BraTS-MEN-RT-0087-1,test,132,65,65,107,107
BraTS-MEN-RT-0087-1,test,133,61,67,102,109
BraTS-MEN-RT-0087-1,test,134,61,67,101,109
BraTS-MEN-RT-0087-1,test,135,61,68,99,111
BraTS-MEN-RT-0087-1,test,136,60,68,101,112
BraTS-MEN-RT-0087-1,test,137,60,69,101,113
BraTS-MEN-RT-0087-1,test,138,58,70,100,113
BraTS-MEN-RT-0087-1,test,139,59,70,101,113
BraTS-MEN-RT-0087-1,test,140,59,70,101,113
BraTS-MEN-RT-0087-1,test,141,61,70,103,115
BraTS-MEN-RT-0087-1,test,142,61,68,102,113
BraTS-MEN-RT-0087-1,test,143,61,68,103,113
BraTS-MEN-RT-0087-1,test,144,62,69,103,113
BraTS-MEN-RT-0087-1,test,145,65,69,103,113
BraTS-MEN-RT-0087-1,test,146,65,69,105,112
BraTS-MEN-RT-0087-1,test,147,65,68,106,112
BraTS-MEN-RT-0092-1,test,47,146,155,104,111
BraTS-MEN-RT-0092-1,test,48,146,163,103,116
BraTS-MEN-RT-0092-1,test,49,145,164,102,116
BraTS-MEN-RT-0092-1,test,50,147,166,103,116
BraTS-MEN-RT-0092-1,test,51,147,166,103,116
BraTS-MEN-RT-0092-1,test,52,146,167,104,116
BraTS-MEN-RT-0092-1,test,53,146,167,104,116
BraTS-MEN-RT-0092-1,test,54,146,168,105,117
BraTS-MEN-RT-0092-1,test,55,146,170,104,119
BraTS-MEN-RT-0092-1,test,56,147,169,103,117
BraTS-MEN-RT-0092-1,test,57,148,170,101,116
BraTS-MEN-RT-0092-1,test,58,148,170,102,117
BraTS-MEN-RT-0092-1,test,59,149,170,101,117
BraTS-MEN-RT-0092-1,test,60,152,171,101,117
BraTS-MEN-RT-0092-1,test,61,153,169,104,116
BraTS-MEN-RT-0092-1,test,62,153,169,104,116
BraTS-MEN-RT-0092-1,test,63,155,169,105,116
BraTS-MEN-RT-0092-1,test,64,156,166,108,115
BraTS-MEN-RT-0092-1,test,65,157,166,107,114
BraTS-MEN-RT-0092-1,test,66,157,166,108,114
BraTS-MEN-RT-0092-1,test,67,158,167,107,114
BraTS-MEN-RT-0092-1,test,68,161,167,106,111
BraTS-MEN-RT-0092-1,test,69,162,167,105,110
BraTS-MEN-RT-0109-1,test,42,130,146,147,150
BraTS-MEN-RT-0109-1,test,43,128,143,145,149
BraTS-MEN-RT-0109-1,test,44,130,145,139,150
BraTS-MEN-RT-0109-1,test,45,130,145,139,150
BraTS-MEN-RT-0109-1,test,46,128,175,137,157
BraTS-MEN-RT-0109-1,test,47,132,178,136,157
BraTS-MEN-RT-0109-1,test,48,132,178,136,157
BraTS-MEN-RT-0109-1,test,49,131,178,135,160
BraTS-MEN-RT-0109-1,test,50,131,177,136,160
BraTS-MEN-RT-0109-1,test,51,130,174,135,156
BraTS-MEN-RT-0109-1,test,52,130,174,135,156
BraTS-MEN-RT-0109-1,test,53,130,155,138,153
BraTS-MEN-RT-0109-1,test,54,128,152,136,149
BraTS-MEN-RT-0109-1,test,55,128,152,136,149
BraTS-MEN-RT-0109-1,test,56,128,150,133,148
BraTS-MEN-RT-0109-1,test,57,137,149,132,145
BraTS-MEN-RT-0109-1,test,58,140,150,131,146
BraTS-MEN-RT-0109-1,test,59,140,150,131,146
BraTS-MEN-RT-0109-1,test,60,140,149,133,145
BraTS-MEN-RT-0109-1,test,61,141,145,140,144
BraTS-MEN-RT-0109-1,test,62,141,145,140,144
BraTS-MEN-RT-0145-1,test,107,56,72,124,131
BraTS-MEN-RT-0145-1,test,108,51,72,123,133
BraTS-MEN-RT-0145-1,test,109,46,74,120,135
BraTS-MEN-RT-0145-1,test,110,42,74,117,137
BraTS-MEN-RT-0145-1,test,111,41,76,117,139
BraTS-MEN-RT-0145-1,test,112,40,76,115,139
BraTS-MEN-RT-0145-1,test,113,39,78,115,141
BraTS-MEN-RT-0145-1,test,114,39,78,114,141
BraTS-MEN-RT-0145-1,test,115,39,78,113,142
BraTS-MEN-RT-0145-1,test,116,38,78,113,142
BraTS-MEN-RT-0145-1,test,117,38,79,113,142
BraTS-MEN-RT-0145-1,test,118,38,80,113,143
BraTS-MEN-RT-0145-1,test,119,38,80,113,143
BraTS-MEN-RT-0145-1,test,120,39,81,113,144
BraTS-MEN-RT-0145-1,test,121,39,81,113,144
BraTS-MEN-RT-0145-1,test,122,39,83,113,144
BraTS-MEN-RT-0145-1,test,123,40,83,113,144
BraTS-MEN-RT-0145-1,test,124,41,82,113,144
BraTS-MEN-RT-0145-1,test,125,41,81,112,144
BraTS-MEN-RT-0145-1,test,126,41,81,112,144
BraTS-MEN-RT-0145-1,test,127,41,81,112,144
BraTS-MEN-RT-0145-1,test,128,41,81,112,144
BraTS-MEN-RT-0145-1,test,129,42,81,112,144
BraTS-MEN-RT-0145-1,test,130,43,81,114,143
BraTS-MEN-RT-0145-1,test,131,43,81,114,142
BraTS-MEN-RT-0145-1,test,132,45,80,115,142
BraTS-MEN-RT-0145-1,test,133,46,80,115,142
BraTS-MEN-RT-0145-1,test,134,47,79,115,142
BraTS-MEN-RT-0145-1,test,135,49,78,115,142
BraTS-MEN-RT-0145-1,test,136,49,78,116,141
BraTS-MEN-RT-0145-1,test,137,51,78,117,141
BraTS-MEN-RT-0145-1,test,138,52,77,117,141
BraTS-MEN-RT-0145-1,test,139,53,76,117,140
BraTS-MEN-RT-0145-1,test,140,54,76,118,139
BraTS-MEN-RT-0145-1,test,141,56,76,119,138
BraTS-MEN-RT-0145-1,test,142,58,75,119,137
BraTS-MEN-RT-0145-1,test,143,60,74,120,135
BraTS-MEN-RT-0145-1,test,144,63,74,121,134
BraTS-MEN-RT-0145-1,test,145,66,72,123,133
BraTS-MEN-RT-0163-1,test,124,111,121,130,137
BraTS-MEN-RT-0163-1,test,125,111,121,130,137
BraTS-MEN-RT-0163-1,test,126,111,121,129,137
BraTS-MEN-RT-0163-1,test,127,111,121,129,137
BraTS-MEN-RT-0163-1,test,128,109,123,128,139
BraTS-MEN-RT-0163-1,test,129,109,123,128,139
BraTS-MEN-RT-0163-1,test,130,108,124,127,139
BraTS-MEN-RT-0163-1,test,131,108,124,127,139
BraTS-MEN-RT-0163-1,test,132,110,127,127,139
BraTS-MEN-RT-0163-1,test,133,110,127,127,139
BraTS-MEN-RT-0163-1,test,134,109,123,127,139
BraTS-MEN-RT-0163-1,test,135,109,123,127,139
BraTS-MEN-RT-0163-1,test,136,109,123,128,139
BraTS-MEN-RT-0163-1,test,137,109,123,128,139
BraTS-MEN-RT-0163-1,test,138,110,121,130,137
BraTS-MEN-RT-0163-1,test,139,110,121,130,137
BraTS-MEN-RT-0164-1,test,121,90,103,126,132
BraTS-MEN-RT-0164-1,test,122,90,103,126,132
BraTS-MEN-RT-0164-1,test,123,90,104,126,133
BraTS-MEN-RT-0164-1,test,124,86,111,126,133
BraTS-MEN-RT-0164-1,test,125,86,111,126,133
BraTS-MEN-RT-0164-1,test,126,83,116,125,135
BraTS-MEN-RT-0164-1,test,127,82,115,126,136
BraTS-MEN-RT-0164-1,test,128,81,115,126,138
BraTS-MEN-RT-0164-1,test,129,81,115,126,138
BraTS-MEN-RT-0164-1,test,130,87,116,125,137
BraTS-MEN-RT-0164-1,test,131,88,117,126,138
BraTS-MEN-RT-0164-1,test,132,88,117,126,138
BraTS-MEN-RT-0164-1,test,133,89,118,125,138
BraTS-MEN-RT-0164-1,test,134,90,116,125,138
BraTS-MEN-RT-0164-1,test,135,90,115,125,137
BraTS-MEN-RT-0164-1,test,136,90,115,125,137
BraTS-MEN-RT-0164-1,test,137,90,114,125,136
BraTS-MEN-RT-0164-1,test,138,83,112,125,137
BraTS-MEN-RT-0164-1,test,139,83,112,125,137
BraTS-MEN-RT-0164-1,test,140,89,113,127,137
BraTS-MEN-RT-0164-1,test,141,87,112,128,138
BraTS-MEN-RT-0164-1,test,142,90,111,127,138
BraTS-MEN-RT-0164-1,test,143,90,111,127,138
BraTS-MEN-RT-0164-1,test,144,93,113,128,139
BraTS-MEN-RT-0164-1,test,145,95,113,126,139
BraTS-MEN-RT-0164-1,test,146,95,113,126,139
BraTS-MEN-RT-0164-1,test,147,97,116,127,140
BraTS-MEN-RT-0164-1,test,148,95,113,128,139
BraTS-MEN-RT-0164-1,test,149,100,112,128,137
BraTS-MEN-RT-0164-1,test,150,100,112,128,137
BraTS-MEN-RT-0165-1,test,55,148,165,106,113
BraTS-MEN-RT-0165-1,test,56,148,165,106,113
BraTS-MEN-RT-0165-1,test,57,148,165,105,114
BraTS-MEN-RT-0165-1,test,58,148,165,104,114
BraTS-MEN-RT-0165-1,test,59,148,165,104,115
BraTS-MEN-RT-0165-1,test,60,147,179,103,116
BraTS-MEN-RT-0165-1,test,61,146,179,103,118
BraTS-MEN-RT-0165-1,test,62,146,180,101,119
BraTS-MEN-RT-0165-1,test,63,146,180,101,119
BraTS-MEN-RT-0165-1,test,64,147,180,100,119
BraTS-MEN-RT-0165-1,test,65,149,181,99,117
BraTS-MEN-RT-0165-1,test,66,151,183,96,117
BraTS-MEN-RT-0165-1,test,67,153,184,88,117
BraTS-MEN-RT-0165-1,test,68,154,184,87,117
BraTS-MEN-RT-0165-1,test,69,156,184,87,118
BraTS-MEN-RT-0165-1,test,70,159,184,87,117
BraTS-MEN-RT-0165-1,test,71,162,183,86,115
BraTS-MEN-RT-0165-1,test,72,162,183,87,116
BraTS-MEN-RT-0165-1,test,73,162,182,87,116
BraTS-MEN-RT-0165-1,test,74,166,182,87,112
BraTS-MEN-RT-0165-1,test,75,169,182,87,109
BraTS-MEN-RT-0165-1,test,76,171,183,87,107
BraTS-MEN-RT-0165-1,test,77,172,184,87,106
BraTS-MEN-RT-0165-1,test,78,173,184,86,105
BraTS-MEN-RT-0165-1,test,79,173,185,86,106
BraTS-MEN-RT-0165-1,test,80,174,185,86,105
BraTS-MEN-RT-0165-1,test,81,174,186,85,104
BraTS-MEN-RT-0165-1,test,82,175,186,85,102
BraTS-MEN-RT-0165-1,test,83,175,186,85,99
BraTS-MEN-RT-0165-1,test,84,178,183,89,95
BraTS-MEN-RT-0201-1,test,82,162,166,178,181
BraTS-MEN-RT-0201-1,test,83,159,167,177,182
BraTS-MEN-RT-0201-1,test,84,157,167,177,184
BraTS-MEN-RT-0201-1,test,85,156,168,176,185
BraTS-MEN-RT-0201-1,test,86,154,169,174,186
BraTS-MEN-RT-0201-1,test,87,153,171,173,187
BraTS-MEN-RT-0201-1,test,88,153,169,175,187
BraTS-MEN-RT-0201-1,test,89,153,168,176,187
BraTS-MEN-RT-0201-1,test,90,153,166,178,187
BraTS-MEN-RT-0201-1,test,91,156,165,180,185
BraTS-MEN-RT-0201-1,test,92,157,163,182,185
BraTS-MEN-RT-0201-1,test,93,157,162,184,186
BraTS-MEN-RT-0214-1,test,49,132,138,83,104
BraTS-MEN-RT-0214-1,test,50,131,143,80,106
BraTS-MEN-RT-0214-1,test,51,131,146,78,107
BraTS-MEN-RT-0214-1,test,52,132,146,78,107
BraTS-MEN-RT-0214-1,test,53,132,146,80,107
BraTS-MEN-RT-0214-1,test,54,132,146,80,107
BraTS-MEN-RT-0214-1,test,55,132,147,80,107
BraTS-MEN-RT-0214-1,test,56,132,148,80,107
BraTS-MEN-RT-0214-1,test,57,133,147,86,105
BraTS-MEN-RT-0214-1,test,58,133,147,86,105
BraTS-MEN-RT-0214-1,test,59,132,149,85,105
BraTS-MEN-RT-0214-1,test,60,131,150,84,106
BraTS-MEN-RT-0214-1,test,61,131,151,83,108
BraTS-MEN-RT-0214-1,test,62,131,150,83,110
BraTS-MEN-RT-0214-1,test,63,131,149,82,111
BraTS-MEN-RT-0214-1,test,64,131,149,81,111
BraTS-MEN-RT-0214-1,test,65,132,150,80,110
BraTS-MEN-RT-0214-1,test,66,132,158,82,114
BraTS-MEN-RT-0214-1,test,67,134,159,83,114
BraTS-MEN-RT-0214-1,test,68,134,158,84,107
BraTS-MEN-RT-0214-1,test,69,134,154,84,105
BraTS-MEN-RT-0214-1,test,70,133,152,85,104
BraTS-MEN-RT-0214-1,test,71,133,152,86,104
BraTS-MEN-RT-0214-1,test,72,134,151,87,103
BraTS-MEN-RT-0214-1,test,73,135,149,89,103
BraTS-MEN-RT-0214-1,test,74,136,149,89,102
BraTS-MEN-RT-0214-1,test,75,140,145,92,99
BraTS-MEN-RT-0219-1,test,117,108,116,95,106
BraTS-MEN-RT-0219-1,test,118,106,121,93,108
BraTS-MEN-RT-0219-1,test,119,105,123,93,111
BraTS-MEN-RT-0219-1,test,120,103,126,92,113
BraTS-MEN-RT-0219-1,test,121,101,127,91,116
BraTS-MEN-RT-0219-1,test,122,100,128,90,117
BraTS-MEN-RT-0219-1,test,123,98,128,91,118
BraTS-MEN-RT-0219-1,test,124,97,130,90,119
BraTS-MEN-RT-0219-1,test,125,97,130,89,120
BraTS-MEN-RT-0219-1,test,126,96,132,88,120
BraTS-MEN-RT-0219-1,test,127,96,132,86,121
BraTS-MEN-RT-0219-1,test,128,95,133,85,122
BraTS-MEN-RT-0219-1,test,129,94,134,85,122
BraTS-MEN-RT-0219-1,test,130,94,134,84,122
BraTS-MEN-RT-0219-1,test,131,94,134,83,122
BraTS-MEN-RT-0219-1,test,132,94,134,83,122
BraTS-MEN-RT-0219-1,test,133,94,135,83,122
BraTS-MEN-RT-0219-1,test,134,94,135,82,122
BraTS-MEN-RT-0219-1,test,135,94,136,82,122
BraTS-MEN-RT-0219-1,test,136,94,135,81,122
BraTS-MEN-RT-0219-1,test,137,94,134,80,121
BraTS-MEN-RT-0219-1,test,138,94,134,80,120
BraTS-MEN-RT-0219-1,test,139,93,134,80,120
BraTS-MEN-RT-0219-1,test,140,92,134,79,119
BraTS-MEN-RT-0219-1,test,141,92,134,78,118
BraTS-MEN-RT-0219-1,test,142,93,134,78,118
BraTS-MEN-RT-0219-1,test,143,94,134,78,118
BraTS-MEN-RT-0219-1,test,144,94,134,78,118
BraTS-MEN-RT-0219-1,test,145,94,134,78,117
BraTS-MEN-RT-0219-1,test,146,95,134,78,117
BraTS-MEN-RT-0219-1,test,147,96,134,79,117
BraTS-MEN-RT-0219-1,test,148,96,134,79,117
BraTS-MEN-RT-0219-1,test,149,96,134,80,116
BraTS-MEN-RT-0219-1,test,150,96,134,80,116
BraTS-MEN-RT-0219-1,test,151,97,133,81,116
BraTS-MEN-RT-0219-1,test,152,97,132,81,115
BraTS-MEN-RT-0219-1,test,153,97,132,83,114
BraTS-MEN-RT-0219-1,test,154,98,132,84,114
BraTS-MEN-RT-0219-1,test,155,99,130,85,113
BraTS-MEN-RT-0219-1,test,156,99,130,85,112
BraTS-MEN-RT-0219-1,test,157,101,128,86,112
BraTS-MEN-RT-0219-1,test,158,101,126,87,111
BraTS-MEN-RT-0219-1,test,159,103,125,88,110
BraTS-MEN-RT-0219-1,test,160,104,121,89,109
BraTS-MEN-RT-0219-1,test,161,105,116,95,106
BraTS-MEN-RT-0233-1,test,91,164,167,164,169
BraTS-MEN-RT-0233-1,test,92,163,170,163,171
BraTS-MEN-RT-0233-1,test,93,162,171,164,171
BraTS-MEN-RT-0233-1,test,94,156,178,165,181
BraTS-MEN-RT-0233-1,test,95,158,177,166,178
BraTS-MEN-RT-0233-1,test,96,157,178,165,178
BraTS-MEN-RT-0233-1,test,97,157,178,165,178
BraTS-MEN-RT-0233-1,test,98,154,177,164,182
BraTS-MEN-RT-0233-1,test,99,153,178,164,183
BraTS-MEN-RT-0233-1,test,100,151,176,166,184
BraTS-MEN-RT-0233-1,test,101,157,176,165,179
BraTS-MEN-RT-0233-1,test,102,166,177,165,177
BraTS-MEN-RT-0233-1,test,103,169,174,167,173
BraTS-MEN-RT-0237-1,test,147,189,190,200,200
BraTS-MEN-RT-0237-1,test,148,188,195,199,202
BraTS-MEN-RT-0237-1,test,149,189,199,199,203
BraTS-MEN-RT-0237-1,test,150,193,203,200,204
BraTS-MEN-RT-0237-1,test,151,196,208,200,207
BraTS-MEN-RT-0237-1,test,152,199,208,202,208
BraTS-MEN-RT-0237-1,test,153,197,210,201,209
BraTS-MEN-RT-0237-1,test,154,197,211,201,211
BraTS-MEN-RT-0237-1,test,155,191,211,200,213
BraTS-MEN-RT-0237-1,test,156,191,213,197,214
BraTS-MEN-RT-0237-1,test,157,189,216,194,224
BraTS-MEN-RT-0237-1,test,158,191,213,193,217
BraTS-MEN-RT-0237-1,test,159,191,214,193,217
BraTS-MEN-RT-0237-1,test,160,191,213,193,216
BraTS-MEN-RT-0237-1,test,161,191,213,194,213
BraTS-MEN-RT-0237-1,test,162,191,213,196,213
BraTS-MEN-RT-0237-1,test,163,191,215,197,213
BraTS-MEN-RT-0237-1,test,164,192,219,197,213
BraTS-MEN-RT-0237-1,test,165,191,219,197,213
BraTS-MEN-RT-0237-1,test,166,192,219,197,213
BraTS-MEN-RT-0237-1,test,167,193,222,197,213
BraTS-MEN-RT-0237-1,test,168,193,222,198,215
BraTS-MEN-RT-0237-1,test,169,194,224,199,216
BraTS-MEN-RT-0237-1,test,170,194,204,199,207
BraTS-MEN-RT-0237-1,test,171,194,202,200,206
BraTS-MEN-RT-0237-1,test,172,195,198,203,205
BraTS-MEN-RT-0238-1,test,107,214,221,193,201
BraTS-MEN-RT-0238-1,test,108,212,222,192,202
BraTS-MEN-RT-0238-1,test,109,213,225,191,203
BraTS-MEN-RT-0238-1,test,110,213,225,189,205
BraTS-MEN-RT-0238-1,test,111,213,226,189,205
BraTS-MEN-RT-0238-1,test,112,213,228,189,204
BraTS-MEN-RT-0238-1,test,113,213,234,189,219
BraTS-MEN-RT-0238-1,test,114,214,236,188,222
BraTS-MEN-RT-0238-1,test,115,216,235,189,219
BraTS-MEN-RT-0238-1,test,116,217,239,191,235
BraTS-MEN-RT-0238-1,test,117,217,239,193,239
BraTS-MEN-RT-0238-1,test,118,219,239,194,241
BraTS-MEN-RT-0238-1,test,119,221,242,194,241
BraTS-MEN-RT-0238-1,test,120,229,240,223,239
BraTS-MEN-RT-0238-1,test,121,233,239,227,236
BraTS-MEN-RT-0246-1,test,160,181,181,100,100
BraTS-MEN-RT-0246-1,test,161,178,183,98,102
BraTS-MEN-RT-0246-1,test,162,177,184,97,103
BraTS-MEN-RT-0246-1,test,163,177,184,97,104
BraTS-MEN-RT-0246-1,test,164,177,184,97,104
BraTS-MEN-RT-0246-1,test,165,177,184,96,104
BraTS-MEN-RT-0246-1,test,166,177,184,96,104
BraTS-MEN-RT-0246-1,test,167,178,183,97,104
BraTS-MEN-RT-0246-1,test,168,179,183,97,103
BraTS-MEN-RT-0246-1,test,169,180,181,99,100
BraTS-MEN-RT-0256-1,test,143,141,146,139,143
BraTS-MEN-RT-0256-1,test,144,139,147,137,143
BraTS-MEN-RT-0256-1,test,145,138,147,135,144
BraTS-MEN-RT-0256-1,test,146,136,148,135,145
BraTS-MEN-RT-0256-1,test,147,137,148,135,144
BraTS-MEN-RT-0256-1,test,148,137,148,135,144
BraTS-MEN-RT-0256-1,test,149,136,147,139,142
BraTS-MEN-RT-0256-1,test,150,140,146,141,143
BraTS-MEN-RT-0262-1,test,117,97,108,115,129
BraTS-MEN-RT-0262-1,test,118,96,110,114,130
BraTS-MEN-RT-0262-1,test,119,93,111,113,131
BraTS-MEN-RT-0262-1,test,120,90,113,112,131
BraTS-MEN-RT-0262-1,test,121,86,115,112,132
BraTS-MEN-RT-0262-1,test,122,82,116,110,133
BraTS-MEN-RT-0262-1,test,123,81,118,110,135
BraTS-MEN-RT-0262-1,test,124,77,119,109,135
BraTS-MEN-RT-0262-1,test,125,73,121,108,137
BraTS-MEN-RT-0262-1,test,126,68,121,108,137
BraTS-MEN-RT-0262-1,test,127,67,122,108,138
BraTS-MEN-RT-0262-1,test,128,67,123,107,139
BraTS-MEN-RT-0262-1,test,129,66,123,106,139
BraTS-MEN-RT-0262-1,test,130,65,124,104,139
BraTS-MEN-RT-0262-1,test,131,62,125,100,140
BraTS-MEN-RT-0262-1,test,132,58,125,98,141
BraTS-MEN-RT-0262-1,test,133,58,125,95,141
BraTS-MEN-RT-0262-1,test,134,58,125,93,142
BraTS-MEN-RT-0262-1,test,135,60,125,92,142
BraTS-MEN-RT-0262-1,test,136,60,125,93,142
BraTS-MEN-RT-0262-1,test,137,62,125,94,142
BraTS-MEN-RT-0262-1,test,138,62,125,95,142
BraTS-MEN-RT-0262-1,test,139,62,124,97,143
BraTS-MEN-RT-0262-1,test,140,62,122,98,144
BraTS-MEN-RT-0262-1,test,141,62,122,99,146
BraTS-MEN-RT-0262-1,test,142,62,122,100,146
BraTS-MEN-RT-0262-1,test,143,88,113,125,141
BraTS-MEN-RT-0262-1,test,144,89,111,126,140
BraTS-MEN-RT-0264-1,test,62,167,170,158,165
BraTS-MEN-RT-0264-1,test,63,166,171,155,168
BraTS-MEN-RT-0264-1,test,64,166,171,155,168
BraTS-MEN-RT-0264-1,test,65,167,172,146,167
BraTS-MEN-RT-0264-1,test,66,166,172,146,168
BraTS-MEN-RT-0264-1,test,67,167,172,146,169
BraTS-MEN-RT-0264-1,test,68,167,172,147,169
BraTS-MEN-RT-0264-1,test,69,166,172,148,170
BraTS-MEN-RT-0264-1,test,70,165,173,147,171
BraTS-MEN-RT-0264-1,test,71,165,172,148,172
BraTS-MEN-RT-0264-1,test,72,166,172,148,172
BraTS-MEN-RT-0264-1,test,73,166,172,148,171
BraTS-MEN-RT-0264-1,test,74,166,172,149,171
BraTS-MEN-RT-0264-1,test,75,166,172,149,171
BraTS-MEN-RT-0264-1,test,76,166,171,148,171
BraTS-MEN-RT-0264-1,test,77,166,171,148,171
BraTS-MEN-RT-0264-1,test,78,166,171,148,170
BraTS-MEN-RT-0264-1,test,79,167,171,149,171
BraTS-MEN-RT-0264-1,test,80,166,170,150,172
BraTS-MEN-RT-0264-1,test,81,167,170,153,171
BraTS-MEN-RT-0287-1,test,63,180,191,115,124
BraTS-MEN-RT-0287-1,test,64,179,200,112,127
BraTS-MEN-RT-0287-1,test,65,179,200,112,127
BraTS-MEN-RT-0287-1,test,66,177,202,110,128
BraTS-MEN-RT-0287-1,test,67,176,203,108,128
BraTS-MEN-RT-0287-1,test,68,176,203,108,128
BraTS-MEN-RT-0287-1,test,69,171,203,107,128
BraTS-MEN-RT-0287-1,test,70,170,205,105,129
BraTS-MEN-RT-0287-1,test,71,170,205,105,129
BraTS-MEN-RT-0287-1,test,72,169,205,103,129
BraTS-MEN-RT-0287-1,test,73,170,206,102,130
BraTS-MEN-RT-0287-1,test,74,170,206,102,130
BraTS-MEN-RT-0287-1,test,75,168,207,101,131
BraTS-MEN-RT-0287-1,test,76,168,207,100,131
BraTS-MEN-RT-0287-1,test,77,168,207,100,131
BraTS-MEN-RT-0287-1,test,78,166,207,99,131
BraTS-MEN-RT-0287-1,test,79,166,208,97,131
BraTS-MEN-RT-0287-1,test,80,166,208,97,131
BraTS-MEN-RT-0287-1,test,81,165,208,96,131
BraTS-MEN-RT-0287-1,test,82,162,208,96,131
BraTS-MEN-RT-0287-1,test,83,162,208,96,131
BraTS-MEN-RT-0287-1,test,84,162,208,96,131
BraTS-MEN-RT-0287-1,test,85,161,208,95,131
BraTS-MEN-RT-0287-1,test,86,161,208,95,131
BraTS-MEN-RT-0287-1,test,87,162,208,95,131
BraTS-MEN-RT-0287-1,test,88,162,208,95,131
BraTS-MEN-RT-0287-1,test,89,162,208,95,131
BraTS-MEN-RT-0287-1,test,90,162,208,96,131
BraTS-MEN-RT-0287-1,test,91,162,208,96,129
BraTS-MEN-RT-0287-1,test,92,162,208,96,129
BraTS-MEN-RT-0287-1,test,93,165,208,96,128
BraTS-MEN-RT-0287-1,test,94,165,207,96,125
BraTS-MEN-RT-0287-1,test,95,165,207,96,125
BraTS-MEN-RT-0287-1,test,96,165,207,97,122
BraTS-MEN-RT-0287-1,test,97,165,206,99,121
BraTS-MEN-RT-0287-1,test,98,165,206,99,121
BraTS-MEN-RT-0287-1,test,99,166,205,99,120
BraTS-MEN-RT-0287-1,test,100,167,202,100,121
BraTS-MEN-RT-0287-1,test,101,167,202,100,121
BraTS-MEN-RT-0287-1,test,102,168,200,101,121
BraTS-MEN-RT-0287-1,test,103,168,199,102,119
BraTS-MEN-RT-0287-1,test,104,168,199,102,119
BraTS-MEN-RT-0287-1,test,105,171,196,104,118
BraTS-MEN-RT-0287-1,test,106,173,193,105,116
BraTS-MEN-RT-0287-1,test,107,173,193,105,116
BraTS-MEN-RT-0287-1,test,108,176,191,106,112
BraTS-MEN-RT-0288-1,test,75,162,167,117,126
BraTS-MEN-RT-0288-1,test,76,161,169,116,127
BraTS-MEN-RT-0288-1,test,77,160,170,115,127
BraTS-MEN-RT-0288-1,test,78,159,172,115,129
BraTS-MEN-RT-0288-1,test,79,158,176,115,129
BraTS-MEN-RT-0288-1,test,80,158,180,114,130
BraTS-MEN-RT-0288-1,test,81,158,182,114,130
BraTS-MEN-RT-0288-1,test,82,157,183,113,138
BraTS-MEN-RT-0288-1,test,83,157,184,113,142
BraTS-MEN-RT-0288-1,test,84,155,184,113,142
BraTS-MEN-RT-0288-1,test,85,145,186,112,144
BraTS-MEN-RT-0288-1,test,86,146,186,112,145
BraTS-MEN-RT-0288-1,test,87,145,187,112,146
BraTS-MEN-RT-0288-1,test,88,145,187,112,146
BraTS-MEN-RT-0288-1,test,89,145,187,112,148
BraTS-MEN-RT-0288-1,test,90,145,188,112,148
BraTS-MEN-RT-0288-1,test,91,145,189,111,148
BraTS-MEN-RT-0288-1,test,92,145,189,111,148
BraTS-MEN-RT-0288-1,test,93,145,189,111,148
BraTS-MEN-RT-0288-1,test,94,145,189,110,149
BraTS-MEN-RT-0288-1,test,95,145,190,110,149
BraTS-MEN-RT-0288-1,test,96,144,190,111,150
BraTS-MEN-RT-0288-1,test,97,145,190,111,150
BraTS-MEN-RT-0288-1,test,98,145,190,111,150
BraTS-MEN-RT-0288-1,test,99,145,190,110,150
BraTS-MEN-RT-0288-1,test,100,145,191,110,150
BraTS-MEN-RT-0288-1,test,101,146,191,110,150
BraTS-MEN-RT-0288-1,test,102,146,191,110,150
BraTS-MEN-RT-0288-1,test,103,147,193,110,151
BraTS-MEN-RT-0288-1,test,104,147,193,111,152
BraTS-MEN-RT-0288-1,test,105,150,194,112,152
BraTS-MEN-RT-0288-1,test,106,151,195,113,152
BraTS-MEN-RT-0288-1,test,107,151,195,113,152
BraTS-MEN-RT-0288-1,test,108,152,195,113,152
BraTS-MEN-RT-0288-1,test,109,151,195,113,152
BraTS-MEN-RT-0288-1,test,110,151,194,114,152
BraTS-MEN-RT-0288-1,test,111,152,193,115,152
BraTS-MEN-RT-0288-1,test,112,153,193,115,152
BraTS-MEN-RT-0288-1,test,113,153,193,116,152
BraTS-MEN-RT-0288-1,test,114,153,193,117,151
BraTS-MEN-RT-0288-1,test,115,155,192,117,150
BraTS-MEN-RT-0288-1,test,116,156,191,117,148
BraTS-MEN-RT-0288-1,test,117,156,191,117,146
BraTS-MEN-RT-0288-1,test,118,158,191,117,146
BraTS-MEN-RT-0288-1,test,119,159,189,118,145
BraTS-MEN-RT-0288-1,test,120,160,187,120,144
BraTS-MEN-RT-0288-1,test,121,160,186,123,144
BraTS-MEN-RT-0288-1,test,122,159,184,126,141
BraTS-MEN-RT-0288-1,test,123,159,178,127,139
BraTS-MEN-RT-0288-1,test,124,158,172,130,137
BraTS-MEN-RT-0288-1,test,125,160,167,132,135
BraTS-MEN-RT-0304-1,test,72,157,175,131,142
BraTS-MEN-RT-0304-1,test,73,154,179,128,147
BraTS-MEN-RT-0304-1,test,74,154,179,128,147
BraTS-MEN-RT-0304-1,test,75,152,181,124,150
BraTS-MEN-RT-0304-1,test,76,149,183,121,152
BraTS-MEN-RT-0304-1,test,77,149,183,121,152
BraTS-MEN-RT-0304-1,test,78,146,186,118,155
BraTS-MEN-RT-0304-1,test,79,140,187,116,159
BraTS-MEN-RT-0304-1,test,80,140,187,116,159
BraTS-MEN-RT-0304-1,test,81,139,189,115,160
BraTS-MEN-RT-0304-1,test,82,138,191,115,161
BraTS-MEN-RT-0304-1,test,83,138,191,115,161
BraTS-MEN-RT-0304-1,test,84,137,192,114,163
BraTS-MEN-RT-0304-1,test,85,137,194,113,164
BraTS-MEN-RT-0304-1,test,86,137,194,113,164
BraTS-MEN-RT-0304-1,test,87,137,195,113,164
BraTS-MEN-RT-0304-1,test,88,136,195,113,165
BraTS-MEN-RT-0304-1,test,89,136,195,113,165
BraTS-MEN-RT-0304-1,test,90,135,197,112,165
BraTS-MEN-RT-0304-1,test,91,134,197,112,166
BraTS-MEN-RT-0304-1,test,92,134,197,112,166
BraTS-MEN-RT-0304-1,test,93,133,198,111,167
BraTS-MEN-RT-0304-1,test,94,132,199,111,168
BraTS-MEN-RT-0304-1,test,95,132,199,111,168
BraTS-MEN-RT-0304-1,test,96,132,199,111,168
BraTS-MEN-RT-0304-1,test,97,132,200,111,168
BraTS-MEN-RT-0304-1,test,98,131,200,111,169
BraTS-MEN-RT-0304-1,test,99,131,200,111,169
BraTS-MEN-RT-0304-1,test,100,131,200,110,169
BraTS-MEN-RT-0304-1,test,101,131,199,109,169
BraTS-MEN-RT-0304-1,test,102,131,199,109,169
BraTS-MEN-RT-0304-1,test,103,131,199,109,170
BraTS-MEN-RT-0304-1,test,104,131,198,109,170
BraTS-MEN-RT-0304-1,test,105,131,198,109,170
BraTS-MEN-RT-0304-1,test,106,131,197,110,170
BraTS-MEN-RT-0304-1,test,107,130,197,110,170
BraTS-MEN-RT-0304-1,test,108,130,197,110,170
BraTS-MEN-RT-0304-1,test,109,130,196,110,170
BraTS-MEN-RT-0304-1,test,110,130,195,110,170
BraTS-MEN-RT-0304-1,test,111,130,195,110,170
BraTS-MEN-RT-0304-1,test,112,131,194,110,169
BraTS-MEN-RT-0304-1,test,113,132,194,110,169
BraTS-MEN-RT-0304-1,test,114,132,194,110,169
BraTS-MEN-RT-0304-1,test,115,132,192,112,168
BraTS-MEN-RT-0304-1,test,116,132,191,112,167
BraTS-MEN-RT-0304-1,test,117,132,191,112,167
BraTS-MEN-RT-0304-1,test,118,133,190,113,167
BraTS-MEN-RT-0304-1,test,119,134,189,113,167
BraTS-MEN-RT-0304-1,test,120,134,189,113,167
BraTS-MEN-RT-0304-1,test,121,135,188,114,166
BraTS-MEN-RT-0304-1,test,122,136,187,115,164
BraTS-MEN-RT-0304-1,test,123,136,187,115,164
BraTS-MEN-RT-0304-1,test,124,137,186,116,164
BraTS-MEN-RT-0304-1,test,125,138,185,116,161
BraTS-MEN-RT-0304-1,test,126,138,185,116,161
BraTS-MEN-RT-0304-1,test,127,139,184,117,160
BraTS-MEN-RT-0304-1,test,128,140,181,118,160
BraTS-MEN-RT-0304-1,test,129,140,181,118,160
BraTS-MEN-RT-0304-1,test,130,142,179,119,158
BraTS-MEN-RT-0304-1,test,131,143,177,120,157
BraTS-MEN-RT-0304-1,test,132,143,177,120,157
BraTS-MEN-RT-0304-1,test,133,144,176,121,153
BraTS-MEN-RT-0304-1,test,134,146,174,122,152
BraTS-MEN-RT-0304-1,test,135,146,174,122,152
BraTS-MEN-RT-0304-1,test,136,149,173,124,149
BraTS-MEN-RT-0304-1,test,137,151,171,126,145
BraTS-MEN-RT-0304-1,test,138,151,171,126,145
BraTS-MEN-RT-0320-1,test,155,216,217,188,189
BraTS-MEN-RT-0320-1,test,156,215,219,185,191
BraTS-MEN-RT-0320-1,test,157,214,222,184,192
BraTS-MEN-RT-0320-1,test,158,213,223,183,193
BraTS-MEN-RT-0320-1,test,159,212,224,183,194
BraTS-MEN-RT-0320-1,test,160,211,225,183,195
BraTS-MEN-RT-0320-1,test,161,211,225,184,195
BraTS-MEN-RT-0320-1,test,162,210,225,184,196
BraTS-MEN-RT-0320-1,test,163,204,224,183,195
BraTS-MEN-RT-0320-1,test,164,206,224,184,196
BraTS-MEN-RT-0320-1,test,165,208,225,185,195
BraTS-MEN-RT-0320-1,test,166,208,225,186,194
BraTS-MEN-RT-0320-1,test,167,209,223,186,195
BraTS-MEN-RT-0320-1,test,168,209,222,187,193
BraTS-MEN-RT-0320-1,test,169,208,222,187,191
BraTS-MEN-RT-0320-1,test,170,209,218,187,190
BraTS-MEN-RT-0320-1,test,171,210,216,187,188
BraTS-MEN-RT-0323-1,test,46,128,136,106,113
BraTS-MEN-RT-0323-1,test,47,128,136,106,113
BraTS-MEN-RT-0323-1,test,48,123,136,107,114
BraTS-MEN-RT-0323-1,test,49,123,136,107,114
BraTS-MEN-RT-0323-1,test,50,123,139,107,114
BraTS-MEN-RT-0323-1,test,51,123,139,107,114
BraTS-MEN-RT-0323-1,test,52,128,141,110,114
BraTS-MEN-RT-0323-1,test,53,128,141,110,114
BraTS-MEN-RT-0323-1,test,54,129,139,111,114
BraTS-MEN-RT-0323-1,test,55,129,139,111,114
BraTS-MEN-RT-0327-1,test,118,81,85,95,100
BraTS-MEN-RT-0327-1,test,119,81,85,95,100
BraTS-MEN-RT-0327-1,test,120,78,87,93,102
BraTS-MEN-RT-0327-1,test,121,75,88,92,103
BraTS-MEN-RT-0327-1,test,122,75,88,92,103
BraTS-MEN-RT-0327-1,test,123,74,89,91,104
BraTS-MEN-RT-0327-1,test,124,74,89,91,106
BraTS-MEN-RT-0327-1,test,125,74,89,91,106
BraTS-MEN-RT-0327-1,test,126,73,90,90,107
BraTS-MEN-RT-0327-1,test,127,73,90,90,107
BraTS-MEN-RT-0327-1,test,128,73,90,90,107
BraTS-MEN-RT-0327-1,test,129,74,90,90,108
BraTS-MEN-RT-0327-1,test,130,74,90,90,108
BraTS-MEN-RT-0327-1,test,131,74,90,90,108
BraTS-MEN-RT-0327-1,test,132,74,89,90,108
BraTS-MEN-RT-0327-1,test,133,74,89,91,107
BraTS-MEN-RT-0327-1,test,134,74,89,91,107
BraTS-MEN-RT-0327-1,test,135,75,88,91,107
BraTS-MEN-RT-0327-1,test,136,75,87,92,106
BraTS-MEN-RT-0327-1,test,137,75,87,92,106
BraTS-MEN-RT-0327-1,test,138,77,86,94,103
BraTS-MEN-RT-0349-1,test,130,163,163,157,157
BraTS-MEN-RT-0349-1,test,131,164,188,157,180
BraTS-MEN-RT-0349-1,test,132,165,199,160,182
BraTS-MEN-RT-0349-1,test,133,163,198,160,180
BraTS-MEN-RT-0349-1,test,134,163,199,161,179
BraTS-MEN-RT-0349-1,test,135,162,202,162,179
BraTS-MEN-RT-0349-1,test,136,166,204,162,179
BraTS-MEN-RT-0349-1,test,137,159,207,162,180
BraTS-MEN-RT-0349-1,test,138,157,205,162,182
BraTS-MEN-RT-0349-1,test,139,157,206,163,183
BraTS-MEN-RT-0349-1,test,140,158,206,163,184
BraTS-MEN-RT-0349-1,test,141,159,202,163,185
BraTS-MEN-RT-0349-1,test,142,162,203,163,184
BraTS-MEN-RT-0349-1,test,143,162,206,164,184
BraTS-MEN-RT-0349-1,test,144,162,211,165,184
BraTS-MEN-RT-0349-1,test,145,162,209,165,185
BraTS-MEN-RT-0349-1,test,146,163,209,166,185
BraTS-MEN-RT-0349-1,test,147,163,209,166,185
BraTS-MEN-RT-0349-1,test,148,163,208,166,187
BraTS-MEN-RT-0349-1,test,149,162,208,166,185
BraTS-MEN-RT-0349-1,test,150,163,206,166,184
BraTS-MEN-RT-0349-1,test,151,164,202,167,183
BraTS-MEN-RT-0349-1,test,152,164,189,168,182
BraTS-MEN-RT-0349-1,test,153,165,176,168,182
BraTS-MEN-RT-0349-1,test,154,166,176,169,182
BraTS-MEN-RT-0349-1,test,155,166,174,168,180
BraTS-MEN-RT-0349-1,test,156,168,172,170,179
BraTS-MEN-RT-0349-1,test,157,170,172,171,174
BraTS-MEN-RT-0367-1,test,127,85,90,120,125
BraTS-MEN-RT-0367-1,test,128,85,90,120,125
BraTS-MEN-RT-0367-1,test,129,85,92,117,126
BraTS-MEN-RT-0367-1,test,130,82,93,115,129
BraTS-MEN-RT-0367-1,test,131,82,97,113,129
BraTS-MEN-RT-0367-1,test,132,82,97,113,129
BraTS-MEN-RT-0367-1,test,133,81,100,112,130
BraTS-MEN-RT-0367-1,test,134,81,101,110,132
BraTS-MEN-RT-0367-1,test,135,81,101,110,132
BraTS-MEN-RT-0367-1,test,136,79,102,110,132
BraTS-MEN-RT-0367-1,test,137,72,103,109,138
BraTS-MEN-RT-0367-1,test,138,72,104,108,137
BraTS-MEN-RT-0367-1,test,139,72,104,108,137
BraTS-MEN-RT-0367-1,test,140,74,105,107,136
BraTS-MEN-RT-0367-1,test,141,75,105,108,135
BraTS-MEN-RT-0367-1,test,142,75,105,108,135
BraTS-MEN-RT-0367-1,test,143,76,105,108,135
BraTS-MEN-RT-0367-1,test,144,77,104,106,136
BraTS-MEN-RT-0367-1,test,145,78,103,107,137
BraTS-MEN-RT-0367-1,test,146,78,103,107,137
BraTS-MEN-RT-0367-1,test,147,79,102,107,136
BraTS-MEN-RT-0367-1,test,148,81,101,107,135
BraTS-MEN-RT-0367-1,test,149,81,101,107,135
BraTS-MEN-RT-0367-1,test,150,85,100,107,133
BraTS-MEN-RT-0367-1,test,151,87,101,109,132
BraTS-MEN-RT-0367-1,test,152,90,99,119,132
BraTS-MEN-RT-0367-1,test,153,90,99,119,132
BraTS-MEN-RT-0367-1,test,154,91,99,119,132
BraTS-MEN-RT-0371-1,test,71,151,154,153,156
BraTS-MEN-RT-0371-1,test,72,150,161,148,162
BraTS-MEN-RT-0371-1,test,73,150,161,146,164
BraTS-MEN-RT-0371-1,test,74,148,163,146,165
BraTS-MEN-RT-0371-1,test,75,147,163,145,165
BraTS-MEN-RT-0371-1,test,76,147,165,145,167
BraTS-MEN-RT-0371-1,test,77,144,166,142,167
BraTS-MEN-RT-0371-1,test,78,145,166,144,168
BraTS-MEN-RT-0371-1,test,79,145,168,145,168
BraTS-MEN-RT-0371-1,test,80,144,169,147,168
BraTS-MEN-RT-0371-1,test,81,145,169,147,167
BraTS-MEN-RT-0371-1,test,82,145,169,147,168
BraTS-MEN-RT-0371-1,test,83,145,168,148,167
BraTS-MEN-RT-0371-1,test,84,145,168,149,166
BraTS-MEN-RT-0371-1,test,85,145,167,150,165
BraTS-MEN-RT-0371-1,test,86,146,167,150,163
BraTS-MEN-RT-0371-1,test,87,146,166,151,163
BraTS-MEN-RT-0371-1,test,88,147,154,151,160
BraTS-MEN-RT-0371-1,test,89,147,153,153,160
BraTS-MEN-RT-0371-1,test,130,80,89,164,174
BraTS-MEN-RT-0371-1,test,131,78,89,163,176
BraTS-MEN-RT-0371-1,test,132,76,89,155,176
BraTS-MEN-RT-0371-1,test,133,77,90,155,176
BraTS-MEN-RT-0371-1,test,134,75,96,154,177
BraTS-MEN-RT-0371-1,test,135,77,95,153,176
BraTS-MEN-RT-0371-1,test,136,78,97,154,175
BraTS-MEN-RT-0371-1,test,137,75,98,153,175
BraTS-MEN-RT-0371-1,test,138,75,97,155,175
BraTS-MEN-RT-0371-1,test,139,75,98,155,174
BraTS-MEN-RT-0371-1,test,140,77,96,155,172
BraTS-MEN-RT-0371-1,test,141,77,96,155,171
BraTS-MEN-RT-0371-1,test,142,76,96,156,172
BraTS-MEN-RT-0371-1,test,143,78,97,157,170
BraTS-MEN-RT-0371-1,test,144,75,97,158,169
BraTS-MEN-RT-0371-1,test,145,76,96,157,169
BraTS-MEN-RT-0371-1,test,146,70,95,120,169
BraTS-MEN-RT-0371-1,test,147,69,94,119,165
BraTS-MEN-RT-0371-1,test,148,67,78,118,129
BraTS-MEN-RT-0371-1,test,149,66,79,118,129
BraTS-MEN-RT-0371-1,test,150,66,80,117,129
BraTS-MEN-RT-0371-1,test,151,67,79,118,130
BraTS-MEN-RT-0371-1,test,152,67,79,117,127
BraTS-MEN-RT-0371-1,test,153,68,78,117,128
BraTS-MEN-RT-0371-1,test,154,69,78,117,126
BraTS-MEN-RT-0371-1,test,155,70,79,118,125
BraTS-MEN-RT-0371-1,test,156,71,77,120,124
BraTS-MEN-RT-0385-1,test,72,137,144,136,145
BraTS-MEN-RT-0385-1,test,73,135,147,135,146
BraTS-MEN-RT-0385-1,test,74,135,147,135,146
BraTS-MEN-RT-0385-1,test,75,132,148,123,149
BraTS-MEN-RT-0385-1,test,76,131,151,123,151
BraTS-MEN-RT-0385-1,test,77,131,151,123,151
BraTS-MEN-RT-0385-1,test,78,129,162,116,151
BraTS-MEN-RT-0385-1,test,79,131,163,114,152
BraTS-MEN-RT-0385-1,test,80,131,163,114,152
BraTS-MEN-RT-0385-1,test,81,131,164,113,152
BraTS-MEN-RT-0385-1,test,82,131,165,113,154
BraTS-MEN-RT-0385-1,test,83,131,165,113,154
BraTS-MEN-RT-0385-1,test,84,131,167,113,154
BraTS-MEN-RT-0385-1,test,85,131,169,112,154
BraTS-MEN-RT-0385-1,test,86,131,169,112,154
BraTS-MEN-RT-0385-1,test,87,131,169,112,154
BraTS-MEN-RT-0385-1,test,88,129,169,111,154
BraTS-MEN-RT-0385-1,test,89,129,169,111,154
BraTS-MEN-RT-0385-1,test,90,129,170,111,154
BraTS-MEN-RT-0385-1,test,91,129,170,111,154
BraTS-MEN-RT-0385-1,test,92,129,170,111,154
BraTS-MEN-RT-0385-1,test,93,131,170,111,154
BraTS-MEN-RT-0385-1,test,94,132,169,113,154
BraTS-MEN-RT-0385-1,test,95,132,169,113,154
BraTS-MEN-RT-0385-1,test,96,132,169,113,153
BraTS-MEN-RT-0385-1,test,97,133,169,113,152
BraTS-MEN-RT-0385-1,test,98,133,169,113,152
BraTS-MEN-RT-0385-1,test,99,134,169,113,151
BraTS-MEN-RT-0385-1,test,100,135,167,114,150
BraTS-MEN-RT-0385-1,test,101,135,167,114,150
BraTS-MEN-RT-0385-1,test,102,136,166,116,148
BraTS-MEN-RT-0385-1,test,103,138,164,118,146
BraTS-MEN-RT-0385-1,test,104,138,164,118,146
BraTS-MEN-RT-0385-1,test,105,139,162,119,144
BraTS-MEN-RT-0385-1,test,106,142,162,121,142
BraTS-MEN-RT-0385-1,test,107,142,162,121,142
BraTS-MEN-RT-0385-1,test,108,144,161,121,139
BraTS-MEN-RT-0385-1,test,109,146,160,123,136
BraTS-MEN-RT-0385-1,test,110,146,160,123,136
BraTS-MEN-RT-0385-1,test,111,148,158,123,134
BraTS-MEN-RT-0385-1,test,112,150,156,126,132
BraTS-MEN-RT-0385-1,test,113,150,156,126,132
BraTS-MEN-RT-0398-1,test,139,142,148,73,80
BraTS-MEN-RT-0398-1,test,140,141,148,73,79
BraTS-MEN-RT-0398-1,test,141,140,149,73,81
BraTS-MEN-RT-0398-1,test,142,140,149,73,81
BraTS-MEN-RT-0398-1,test,143,140,149,73,81
BraTS-MEN-RT-0398-1,test,144,140,149,74,81
BraTS-MEN-RT-0398-1,test,145,140,149,74,81
BraTS-MEN-RT-0398-1,test,146,140,150,75,81
BraTS-MEN-RT-0398-1,test,147,139,150,75,80
BraTS-MEN-RT-0398-1,test,148,142,147,77,80
BraTS-MEN-RT-0398-1,test,156,110,115,164,171
BraTS-MEN-RT-0398-1,test,157,110,116,164,171
BraTS-MEN-RT-0398-1,test,158,106,117,164,177
BraTS-MEN-RT-0398-1,test,159,105,123,163,178
BraTS-MEN-RT-0398-1,test,160,105,122,162,178
BraTS-MEN-RT-0398-1,test,161,105,122,161,177
BraTS-MEN-RT-0398-1,test,162,105,123,162,176
BraTS-MEN-RT-0398-1,test,163,105,123,161,175
BraTS-MEN-RT-0398-1,test,164,105,123,161,175
BraTS-MEN-RT-0398-1,test,165,106,122,160,174
BraTS-MEN-RT-0398-1,test,166,106,122,161,171
BraTS-MEN-RT-0398-1,test,167,107,120,160,170
BraTS-MEN-RT-0398-1,test,168,108,118,160,170
BraTS-MEN-RT-0398-1,test,169,108,116,158,167
BraTS-MEN-RT-0403-1,test,109,72,88,142,152
BraTS-MEN-RT-0403-1,test,110,70,90,140,154
BraTS-MEN-RT-0403-1,test,111,70,92,135,154
BraTS-MEN-RT-0403-1,test,112,69,94,132,156
BraTS-MEN-RT-0403-1,test,113,68,96,130,157
BraTS-MEN-RT-0403-1,test,114,67,97,129,159
BraTS-MEN-RT-0403-1,test,115,66,100,128,161
BraTS-MEN-RT-0403-1,test,116,63,101,127,161
BraTS-MEN-RT-0403-1,test,117,62,101,127,162
BraTS-MEN-RT-0403-1,test,118,61,101,125,163
BraTS-MEN-RT-0403-1,test,119,61,103,125,164
BraTS-MEN-RT-0403-1,test,120,60,103,125,165
BraTS-MEN-RT-0403-1,test,121,59,105,124,165
BraTS-MEN-RT-0403-1,test,122,59,107,124,165
BraTS-MEN-RT-0403-1,test,123,59,107,123,165
BraTS-MEN-RT-0403-1,test,124,57,108,123,165
BraTS-MEN-RT-0403-1,test,125,57,108,123,165
BraTS-MEN-RT-0403-1,test,126,57,108,122,165
BraTS-MEN-RT-0403-1,test,127,56,108,121,165
BraTS-MEN-RT-0403-1,test,128,56,108,121,165
BraTS-MEN-RT-0403-1,test,129,55,107,121,165
BraTS-MEN-RT-0403-1,test,130,55,107,121,165
BraTS-MEN-RT-0403-1,test,131,55,107,121,165
BraTS-MEN-RT-0403-1,test,132,55,107,121,165
BraTS-MEN-RT-0403-1,test,133,55,107,121,165
BraTS-MEN-RT-0403-1,test,134,56,106,122,163
BraTS-MEN-RT-0403-1,test,135,57,106,123,163
BraTS-MEN-RT-0403-1,test,136,57,107,123,163
BraTS-MEN-RT-0403-1,test,137,57,106,123,161
BraTS-MEN-RT-0403-1,test,138,58,105,123,159
BraTS-MEN-RT-0403-1,test,139,57,105,123,157
BraTS-MEN-RT-0403-1,test,140,60,104,124,156
BraTS-MEN-RT-0403-1,test,141,63,103,124,154
BraTS-MEN-RT-0403-1,test,142,65,105,124,151
BraTS-MEN-RT-0403-1,test,143,67,103,125,150
BraTS-MEN-RT-0403-1,test,144,68,103,125,148
BraTS-MEN-RT-0403-1,test,145,70,103,125,146
BraTS-MEN-RT-0403-1,test,146,72,99,127,144
BraTS-MEN-RT-0403-1,test,147,73,96,128,142
BraTS-MEN-RT-0403-1,test,148,75,94,127,142
BraTS-MEN-RT-0403-1,test,149,77,92,128,141
BraTS-MEN-RT-0403-1,test,150,78,90,128,139
BraTS-MEN-RT-0403-1,test,151,78,88,127,137
BraTS-MEN-RT-0416-1,test,4,127,133,124,128
BraTS-MEN-RT-0416-1,test,5,127,133,124,128
BraTS-MEN-RT-0416-1,test,6,132,132,126,127
BraTS-MEN-RT-0416-1,test,7,132,132,126,127
BraTS-MEN-RT-0416-1,test,106,120,125,119,122
BraTS-MEN-RT-0416-1,test,107,120,125,119,122
BraTS-MEN-RT-0416-1,test,108,118,127,117,125
BraTS-MEN-RT-0416-1,test,109,118,127,117,125
BraTS-MEN-RT-0416-1,test,110,117,135,106,126
BraTS-MEN-RT-0416-1,test,111,117,135,106,126
BraTS-MEN-RT-0416-1,test,112,117,142,107,127
BraTS-MEN-RT-0416-1,test,113,117,142,107,127
BraTS-MEN-RT-0416-1,test,114,116,145,108,127
BraTS-MEN-RT-0416-1,test,115,116,145,108,127
BraTS-MEN-RT-0416-1,test,116,117,147,109,126
BraTS-MEN-RT-0416-1,test,117,117,147,109,126
BraTS-MEN-RT-0416-1,test,118,118,144,110,125
BraTS-MEN-RT-0416-1,test,119,118,144,110,125
BraTS-MEN-RT-0416-1,test,120,119,141,111,123
BraTS-MEN-RT-0416-1,test,121,119,141,111,123
BraTS-MEN-RT-0416-1,test,122,122,138,113,123
BraTS-MEN-RT-0416-1,test,123,122,138,113,123
BraTS-MEN-RT-0416-1,test,124,125,127,119,121
BraTS-MEN-RT-0416-1,test,125,125,127,119,121
BraTS-MEN-RT-0501-1,test,108,47,55,126,134
BraTS-MEN-RT-0501-1,test,109,45,70,123,135
BraTS-MEN-RT-0501-1,test,110,45,70,123,135
BraTS-MEN-RT-0501-1,test,111,44,70,118,136
BraTS-MEN-RT-0501-1,test,112,44,73,113,136
BraTS-MEN-RT-0501-1,test,113,44,73,113,136
BraTS-MEN-RT-0501-1,test,114,45,75,107,136
BraTS-MEN-RT-0501-1,test,115,46,77,105,137
BraTS-MEN-RT-0501-1,test,116,46,77,105,137
BraTS-MEN-RT-0501-1,test,117,47,78,105,137
BraTS-MEN-RT-0501-1,test,118,49,79,102,137
BraTS-MEN-RT-0501-1,test,119,49,79,102,137
BraTS-MEN-RT-0501-1,test,120,50,80,100,137
BraTS-MEN-RT-0501-1,test,121,51,81,99,137
BraTS-MEN-RT-0501-1,test,122,51,81,99,137
BraTS-MEN-RT-0501-1,test,123,52,83,96,138
BraTS-MEN-RT-0501-1,test,124,52,83,95,138
BraTS-MEN-RT-0501-1,test,125,52,83,95,138
BraTS-MEN-RT-0501-1,test,126,54,83,94,138
BraTS-MEN-RT-0501-1,test,127,54,85,95,137
BraTS-MEN-RT-0501-1,test,128,54,85,95,137
BraTS-MEN-RT-0501-1,test,129,56,86,96,136
BraTS-MEN-RT-0501-1,test,130,57,86,96,136
BraTS-MEN-RT-0501-1,test,131,57,86,96,136
BraTS-MEN-RT-0501-1,test,132,59,86,97,136
BraTS-MEN-RT-0501-1,test,133,59,86,99,136
BraTS-MEN-RT-0501-1,test,134,59,86,99,136
BraTS-MEN-RT-0501-1,test,135,61,86,100,136
BraTS-MEN-RT-0501-1,test,136,62,86,100,136
BraTS-MEN-RT-0501-1,test,137,62,86,100,136
BraTS-MEN-RT-0501-1,test,138,63,86,100,136
BraTS-MEN-RT-0501-1,test,139,65,86,101,136
BraTS-MEN-RT-0501-1,test,140,65,86,101,136
BraTS-MEN-RT-0501-1,test,141,65,87,102,136
BraTS-MEN-RT-0501-1,test,142,67,89,102,137
BraTS-MEN-RT-0501-1,test,143,67,89,102,137
BraTS-MEN-RT-0501-1,test,144,68,89,103,139
BraTS-MEN-RT-0501-1,test,145,70,91,103,140
BraTS-MEN-RT-0501-1,test,146,70,91,103,140
BraTS-MEN-RT-0501-1,test,147,73,91,104,141
BraTS-MEN-RT-0501-1,test,148,74,90,106,139
BraTS-MEN-RT-0501-1,test,149,74,90,106,139
BraTS-MEN-RT-0501-1,test,150,75,89,110,137
BraTS-MEN-RT-0501-1,test,151,78,88,113,136
BraTS-MEN-RT-0501-1,test,152,78,88,113,136
BraTS-MEN-RT-0502-1,test,70,148,159,88,103
BraTS-MEN-RT-0502-1,test,71,148,159,88,103
BraTS-MEN-RT-0502-1,test,72,143,163,85,105
BraTS-MEN-RT-0502-1,test,73,141,165,85,112
BraTS-MEN-RT-0502-1,test,74,141,165,85,112
BraTS-MEN-RT-0502-1,test,75,140,168,83,113
BraTS-MEN-RT-0502-1,test,76,138,170,83,115
BraTS-MEN-RT-0502-1,test,77,138,170,83,115
BraTS-MEN-RT-0502-1,test,78,136,173,82,116
BraTS-MEN-RT-0502-1,test,79,136,173,82,116
BraTS-MEN-RT-0502-1,test,80,135,175,81,117
BraTS-MEN-RT-0502-1,test,81,134,176,80,117
BraTS-MEN-RT-0502-1,test,82,134,176,80,117
BraTS-MEN-RT-0502-1,test,83,135,177,79,116
BraTS-MEN-RT-0502-1,test,84,135,178,79,115
BraTS-MEN-RT-0502-1,test,85,135,178,79,115
BraTS-MEN-RT-0502-1,test,86,135,178,78,116
BraTS-MEN-RT-0502-1,test,87,135,178,77,117
BraTS-MEN-RT-0502-1,test,88,135,178,77,117
BraTS-MEN-RT-0502-1,test,89,135,178,78,118
BraTS-MEN-RT-0502-1,test,90,135,178,79,118
BraTS-MEN-RT-0502-1,test,91,135,178,79,118
BraTS-MEN-RT-0502-1,test,92,135,178,81,118
BraTS-MEN-RT-0502-1,test,93,136,178,81,119
BraTS-MEN-RT-0502-1,test,94,136,178,81,119
BraTS-MEN-RT-0502-1,test,95,135,177,81,119
BraTS-MEN-RT-0502-1,test,96,137,176,82,118
BraTS-MEN-RT-0502-1,test,97,137,176,82,118
BraTS-MEN-RT-0502-1,test,98,138,176,82,118
BraTS-MEN-RT-0502-1,test,99,138,176,83,117
BraTS-MEN-RT-0502-1,test,100,138,176,83,117
BraTS-MEN-RT-0502-1,test,101,139,175,84,116
BraTS-MEN-RT-0502-1,test,102,140,175,85,115
BraTS-MEN-RT-0502-1,test,103,140,175,85,115
BraTS-MEN-RT-0502-1,test,104,143,174,88,114
BraTS-MEN-RT-0502-1,test,105,145,173,89,112
BraTS-MEN-RT-0502-1,test,106,145,173,89,112
BraTS-MEN-RT-0502-1,test,107,145,168,90,111
BraTS-MEN-RT-0502-1,test,108,146,166,93,111
BraTS-MEN-RT-0502-1,test,109,146,166,93,111
BraTS-MEN-RT-0502-1,test,110,148,163,95,110
BraTS-MEN-RT-0502-1,test,111,148,161,96,109
BraTS-MEN-RT-0502-1,test,112,148,161,96,109
BraTS-MEN-RT-0502-1,test,113,151,159,99,108
BraTS-MEN-RT-0502-1,test,114,154,158,103,106
BraTS-MEN-RT-0502-1,test,115,154,158,103,106
BraTS-MEN-RT-0514-1,test,33,104,112,102,119
BraTS-MEN-RT-0514-1,test,34,102,115,101,122
BraTS-MEN-RT-0514-1,test,35,102,115,101,122
BraTS-MEN-RT-0514-1,test,36,102,117,100,123
BraTS-MEN-RT-0514-1,test,37,101,118,99,125
BraTS-MEN-RT-0514-1,test,38,101,118,99,125
BraTS-MEN-RT-0514-1,test,39,100,120,98,125
BraTS-MEN-RT-0514-1,test,40,99,121,98,126
BraTS-MEN-RT-0514-1,test,41,99,121,98,126
BraTS-MEN-RT-0514-1,test,42,99,122,97,126
BraTS-MEN-RT-0514-1,test,43,98,122,97,127
BraTS-MEN-RT-0514-1,test,44,98,122,97,127
BraTS-MEN-RT-0514-1,test,45,97,123,98,127
BraTS-MEN-RT-0514-1,test,46,97,122,98,126
BraTS-MEN-RT-0514-1,test,47,97,122,98,126
BraTS-MEN-RT-0514-1,test,48,96,122,98,126
BraTS-MEN-RT-0514-1,test,49,95,122,98,125
BraTS-MEN-RT-0514-1,test,50,95,122,98,125
BraTS-MEN-RT-0514-1,test,51,94,122,98,125
BraTS-MEN-RT-0514-1,test,52,93,122,98,125
BraTS-MEN-RT-0514-1,test,53,93,122,98,125
BraTS-MEN-RT-0514-1,test,54,94,122,97,125
BraTS-MEN-RT-0514-1,test,55,93,122,98,125
BraTS-MEN-RT-0514-1,test,56,93,122,98,125
BraTS-MEN-RT-0514-1,test,57,94,121,100,125
BraTS-MEN-RT-0514-1,test,58,94,120,100,126
BraTS-MEN-RT-0514-1,test,59,94,120,100,126
BraTS-MEN-RT-0514-1,test,60,95,119,103,125
BraTS-MEN-RT-0514-1,test,61,96,118,105,123
BraTS-MEN-RT-0514-1,test,62,96,118,105,123
BraTS-MEN-RT-0514-1,test,63,99,117,108,121
BraTS-MEN-RT-0514-1,test,64,103,112,111,119
BraTS-MEN-RT-0514-1,test,65,103,112,111,119
BraTS-MEN-RT-0523-1,test,127,106,119,122,130
BraTS-MEN-RT-0523-1,test,128,106,119,122,130
BraTS-MEN-RT-0523-1,test,129,102,121,121,131
BraTS-MEN-RT-0523-1,test,130,96,122,120,131
BraTS-MEN-RT-0523-1,test,131,96,122,120,131
BraTS-MEN-RT-0523-1,test,132,90,124,118,133
BraTS-MEN-RT-0523-1,test,133,87,126,117,155
BraTS-MEN-RT-0523-1,test,134,87,126,117,155
BraTS-MEN-RT-0523-1,test,135,86,127,117,163
BraTS-MEN-RT-0523-1,test,136,84,128,116,166
BraTS-MEN-RT-0523-1,test,137,84,128,116,166
BraTS-MEN-RT-0523-1,test,138,84,129,116,166
BraTS-MEN-RT-0523-1,test,139,84,138,117,166
BraTS-MEN-RT-0523-1,test,140,84,138,117,166
BraTS-MEN-RT-0523-1,test,141,82,141,117,165
BraTS-MEN-RT-0523-1,test,142,82,142,118,165
BraTS-MEN-RT-0523-1,test,143,82,142,118,165
BraTS-MEN-RT-0523-1,test,144,83,142,117,164
BraTS-MEN-RT-0523-1,test,145,82,142,117,163
BraTS-MEN-RT-0523-1,test,146,82,142,117,163
BraTS-MEN-RT-0523-1,test,147,80,142,117,161
BraTS-MEN-RT-0523-1,test,148,78,142,116,161
BraTS-MEN-RT-0523-1,test,149,78,142,116,161
BraTS-MEN-RT-0523-1,test,150,78,142,115,160
BraTS-MEN-RT-0523-1,test,151,80,142,114,158
BraTS-MEN-RT-0523-1,test,152,80,142,114,158
BraTS-MEN-RT-0523-1,test,153,82,142,114,155
BraTS-MEN-RT-0523-1,test,154,84,140,113,154
BraTS-MEN-RT-0523-1,test,155,84,140,113,154
BraTS-MEN-RT-0523-1,test,156,88,139,113,152
BraTS-MEN-RT-0523-1,test,157,92,130,116,148
BraTS-MEN-RT-0523-1,test,158,92,130,116,148
BraTS-MEN-RT-0523-1,test,159,96,126,120,146
BraTS-MEN-RT-0523-1,test,160,103,111,122,143
BraTS-MEN-RT-0523-1,test,161,103,111,122,143
BraTS-MEN-RT-0523-1,test,162,104,110,127,136
BraTS-MEN-RT-0529-1,test,30,89,100,150,164
BraTS-MEN-RT-0529-1,test,31,86,103,147,166
BraTS-MEN-RT-0529-1,test,32,86,103,147,166
BraTS-MEN-RT-0529-1,test,33,84,105,145,167
BraTS-MEN-RT-0529-1,test,34,83,108,144,169
BraTS-MEN-RT-0529-1,test,35,83,108,144,169
BraTS-MEN-RT-0529-1,test,36,80,110,142,170
BraTS-MEN-RT-0529-1,test,37,80,114,140,172
BraTS-MEN-RT-0529-1,test,38,80,114,140,172
BraTS-MEN-RT-0529-1,test,39,78,114,140,173
BraTS-MEN-RT-0529-1,test,40,76,114,139,175
BraTS-MEN-RT-0529-1,test,41,76,114,139,175
BraTS-MEN-RT-0529-1,test,42,76,115,139,177
BraTS-MEN-RT-0529-1,test,43,77,116,139,179
BraTS-MEN-RT-0529-1,test,44,77,116,139,179
BraTS-MEN-RT-0529-1,test,45,78,117,139,181
BraTS-MEN-RT-0529-1,test,46,78,118,139,182
BraTS-MEN-RT-0529-1,test,47,78,118,139,182
BraTS-MEN-RT-0529-1,test,48,78,119,138,183
BraTS-MEN-RT-0529-1,test,49,77,119,138,183
BraTS-MEN-RT-0529-1,test,50,77,119,138,183
BraTS-MEN-RT-0529-1,test,51,76,120,137,183
BraTS-MEN-RT-0529-1,test,52,76,121,137,183
BraTS-MEN-RT-0529-1,test,53,76,121,137,183
BraTS-MEN-RT-0529-1,test,54,74,121,137,183
BraTS-MEN-RT-0529-1,test,55,74,121,137,182
BraTS-MEN-RT-0529-1,test,56,74,121,137,182
BraTS-MEN-RT-0529-1,test,57,76,120,137,180
BraTS-MEN-RT-0529-1,test,58,76,119,138,179
BraTS-MEN-RT-0529-1,test,59,76,119,138,179
BraTS-MEN-RT-0529-1,test,60,77,119,139,178
BraTS-MEN-RT-0529-1,test,61,77,119,139,177
BraTS-MEN-RT-0529-1,test,62,77,119,139,177
BraTS-MEN-RT-0529-1,test,63,78,119,140,176
BraTS-MEN-RT-0529-1,test,64,78,116,142,175
BraTS-MEN-RT-0529-1,test,65,78,116,142,175
BraTS-MEN-RT-0529-1,test,66,79,114,142,174
BraTS-MEN-RT-0529-1,test,67,80,111,143,172
BraTS-MEN-RT-0529-1,test,68,80,111,143,172
BraTS-MEN-RT-0529-1,test,69,81,110,144,172
BraTS-MEN-RT-0529-1,test,70,83,108,144,170
BraTS-MEN-RT-0529-1,test,71,83,108,144,170
BraTS-MEN-RT-0529-1,test,72,84,108,145,169
BraTS-MEN-RT-0529-1,test,73,88,105,147,165
BraTS-MEN-RT-0529-1,test,74,88,105,147,165
BraTS-MEN-RT-0529-1,test,75,91,102,150,160
BraTS-MEN-RT-0568-1,test,62,125,128,101,107
BraTS-MEN-RT-0568-1,test,63,125,128,101,107
BraTS-MEN-RT-0568-1,test,64,124,129,100,108
BraTS-MEN-RT-0568-1,test,65,123,129,100,108
BraTS-MEN-RT-0568-1,test,66,123,129,100,108
BraTS-MEN-RT-0568-1,test,67,122,129,100,109
BraTS-MEN-RT-0568-1,test,68,123,128,101,109
BraTS-MEN-RT-0568-1,test,69,123,127,101,109
BraTS-MEN-RT-0568-1,test,70,123,127,102,110
BraTS-MEN-RT-0568-1,test,71,123,127,105,110
BraTS-MEN-RT-0568-1,test,72,124,126,106,109
BraTS-MEN-RT-0568-1,test,77,148,161,115,119
BraTS-MEN-RT-0568-1,test,78,147,163,115,120
BraTS-MEN-RT-0568-1,test,79,145,165,114,121
BraTS-MEN-RT-0568-1,test,80,146,165,113,121
BraTS-MEN-RT-0568-1,test,81,147,165,113,123
BraTS-MEN-RT-0568-1,test,82,148,165,113,126
BraTS-MEN-RT-0568-1,test,83,148,165,113,125
BraTS-MEN-RT-0568-1,test,84,148,164,113,125
BraTS-MEN-RT-0568-1,test,85,149,164,114,125
BraTS-MEN-RT-0568-1,test,86,150,164,114,125
BraTS-MEN-RT-0568-1,test,87,150,165,116,126
BraTS-MEN-RT-0568-1,test,88,150,165,117,126
BraTS-MEN-RT-0568-1,test,89,151,161,118,125
BraTS-MEN-RT-0568-1,test,90,151,158,119,125
BraTS-MEN-RT-0568-1,test,91,151,156,119,126
BraTS-MEN-RT-0575-1,test,59,144,155,142,148
BraTS-MEN-RT-0575-1,test,60,143,156,142,149
BraTS-MEN-RT-0575-1,test,61,142,156,141,150
BraTS-MEN-RT-0575-1,test,62,140,156,142,150
BraTS-MEN-RT-0575-1,test,63,140,157,142,150
BraTS-MEN-RT-0575-1,test,64,139,157,141,152
BraTS-MEN-RT-0575-1,test,65,139,157,141,152
BraTS-MEN-RT-0575-1,test,66,139,157,141,152
BraTS-MEN-RT-0575-1,test,67,138,156,141,152
BraTS-MEN-RT-0575-1,test,68,138,155,141,152
BraTS-MEN-RT-0575-1,test,69,138,153,141,152
BraTS-MEN-RT-0575-1,test,70,138,152,140,152
BraTS-MEN-RT-0575-1,test,71,61,151,141,173
BraTS-MEN-RT-0575-1,test,72,61,149,141,173
BraTS-MEN-RT-0575-1,test,73,61,148,141,174
BraTS-MEN-RT-0575-1,test,74,61,147,142,174
BraTS-MEN-RT-0575-1,test,75,62,145,143,175
BraTS-MEN-RT-0575-1,test,76,62,145,143,175
BraTS-MEN-RT-0575-1,test,77,63,144,145,175
BraTS-MEN-RT-0575-1,test,78,63,74,163,174
BraTS-MEN-RT-0575-1,test,79,64,180,119,175
BraTS-MEN-RT-0575-1,test,80,64,182,116,174
BraTS-MEN-RT-0575-1,test,81,66,182,116,173
BraTS-MEN-RT-0575-1,test,82,67,181,117,172
BraTS-MEN-RT-0575-1,test,83,67,182,117,171
BraTS-MEN-RT-0575-1,test,84,175,181,119,123
BraTS-MEN-RT-0575-1,test,85,176,181,119,124
BraTS-MEN-RT-0575-1,test,97,158,168,169,179
BraTS-MEN-RT-0575-1,test,98,158,191,145,179
BraTS-MEN-RT-0575-1,test,99,158,191,145,179
BraTS-MEN-RT-0575-1,test,100,158,192,144,177
BraTS-MEN-RT-0575-1,test,101,157,194,145,179
BraTS-MEN-RT-0575-1,test,102,156,195,143,179
BraTS-MEN-RT-0575-1,test,103,158,195,141,180
BraTS-MEN-RT-0575-1,test,104,156,195,142,179
BraTS-MEN-RT-0575-1,test,105,111,194,114,180
BraTS-MEN-RT-0575-1,test,106,111,194,114,162
BraTS-MEN-RT-0575-1,test,107,111,195,114,159
BraTS-MEN-RT-0575-1,test,108,50,194,113,160
BraTS-MEN-RT-0575-1,test,109,49,192,112,157
BraTS-MEN-RT-0575-1,test,110,49,192,112,157
BraTS-MEN-RT-0575-1,test,111,48,192,112,159
BraTS-MEN-RT-0575-1,test,112,50,191,112,159
BraTS-MEN-RT-0575-1,test,113,51,191,112,160
BraTS-MEN-RT-0575-1,test,114,51,192,111,161
BraTS-MEN-RT-0575-1,test,115,51,191,111,161
BraTS-MEN-RT-0575-1,test,116,52,191,111,161
BraTS-MEN-RT-0575-1,test,117,53,189,112,158
BraTS-MEN-RT-0575-1,test,118,55,128,112,143
BraTS-MEN-RT-0575-1,test,119,55,128,112,141
BraTS-MEN-RT-0575-1,test,120,55,128,114,141
BraTS-MEN-RT-0575-1,test,121,55,128,114,141
BraTS-MEN-RT-0575-1,test,122,111,128,114,132
BraTS-MEN-RT-0575-1,test,123,111,128,114,132
BraTS-MEN-RT-0575-1,test,124,112,127,118,131
BraTS-MEN-RT-0575-1,test,125,114,127,120,130
BraTS-MEN-RT-0575-1,test,126,98,127,122,185
BraTS-MEN-RT-0575-1,test,127,99,126,124,185
BraTS-MEN-RT-0575-1,test,128,99,104,181,184
BraTS-MEN-RT-0575-1,test,129,96,107,180,184
BraTS-MEN-RT-0575-1,test,130,96,107,178,183
BraTS-MEN-RT-0575-1,test,131,96,109,177,184
BraTS-MEN-RT-0575-1,test,132,96,109,177,184
BraTS-MEN-RT-0575-1,test,133,97,111,177,183
BraTS-MEN-RT-0575-1,test,134,98,111,177,182
BraTS-MEN-RT-0575-1,test,135,97,110,177,181
BraTS-MEN-RT-0575-1,test,136,98,109,173,181
BraTS-MEN-RT-0575-1,test,137,98,108,173,179
BraTS-MEN-RT-0575-1,test,138,98,108,173,178
BraTS-MEN-RT-0575-1,test,139,97,128,121,177
BraTS-MEN-RT-0575-1,test,140,97,128,120,175
BraTS-MEN-RT-0575-1,test,141,99,129,120,175
BraTS-MEN-RT-0575-1,test,142,124,129,119,124
BraTS-MEN-RT-0575-1,test,143,124,129,119,124
BraTS-MEN-RT-0575-1,test,144,124,130,119,124
BraTS-MEN-RT-0575-1,test,145,125,149,119,124
BraTS-MEN-RT-0575-1,test,146,125,150,120,124
BraTS-MEN-RT-0575-1,test,147,77,151,120,140
BraTS-MEN-RT-0575-1,test,148,74,151,119,142
BraTS-MEN-RT-0575-1,test,149,71,151,119,142
BraTS-MEN-RT-0575-1,test,150,72,149,120,143
BraTS-MEN-RT-0575-1,test,151,73,115,122,146
BraTS-MEN-RT-0575-1,test,152,75,117,122,146
BraTS-MEN-RT-0575-1,test,153,76,115,122,143
BraTS-MEN-RT-0575-1,test,154,76,115,122,143
BraTS-MEN-RT-0575-1,test,155,80,117,126,143
BraTS-MEN-RT-0575-1,test,156,80,117,125,145
BraTS-MEN-RT-0577-1,test,38,124,130,78,82
BraTS-MEN-RT-0577-1,test,39,124,134,76,82
BraTS-MEN-RT-0577-1,test,40,124,138,75,84
BraTS-MEN-RT-0577-1,test,41,124,141,74,86
BraTS-MEN-RT-0577-1,test,42,124,142,73,95
BraTS-MEN-RT-0577-1,test,43,122,144,73,97
BraTS-MEN-RT-0577-1,test,44,121,145,72,97
BraTS-MEN-RT-0577-1,test,45,120,146,71,97
BraTS-MEN-RT-0577-1,test,46,120,148,70,97
BraTS-MEN-RT-0577-1,test,47,120,149,70,98
BraTS-MEN-RT-0577-1,test,48,120,151,70,98
BraTS-MEN-RT-0577-1,test,49,119,151,70,99
BraTS-MEN-RT-0577-1,test,50,118,151,69,99
BraTS-MEN-RT-0577-1,test,51,118,151,69,99
BraTS-MEN-RT-0577-1,test,52,118,151,68,99
BraTS-MEN-RT-0577-1,test,53,118,151,68,99
BraTS-MEN-RT-0577-1,test,54,118,152,69,99
BraTS-MEN-RT-0577-1,test,55,118,153,69,99
BraTS-MEN-RT-0577-1,test,56,119,152,70,99
BraTS-MEN-RT-0577-1,test,57,119,152,70,99
BraTS-MEN-RT-0577-1,test,58,120,151,70,99
BraTS-MEN-RT-0577-1,test,59,120,151,70,99
BraTS-MEN-RT-0577-1,test,60,120,151,70,99
BraTS-MEN-RT-0577-1,test,61,120,151,70,99
BraTS-MEN-RT-0577-1,test,62,120,150,71,98
BraTS-MEN-RT-0577-1,test,63,120,149,71,97
BraTS-MEN-RT-0577-1,test,64,121,149,72,97
BraTS-MEN-RT-0577-1,test,65,122,148,72,97
BraTS-MEN-RT-0577-1,test,66,123,147,72,96
BraTS-MEN-RT-0577-1,test,67,125,147,74,96
BraTS-MEN-RT-0577-1,test,68,126,145,74,95
BraTS-MEN-RT-0577-1,test,69,127,145,75,94
BraTS-MEN-RT-0577-1,test,70,127,143,76,91
BraTS-MEN-RT-0577-1,test,71,129,141,77,89
BraTS-MEN-RT-0577-1,test,72,131,141,78,86
BraTS-MEN-RT-0577-1,test,73,133,139,80,84
BraTS-MEN-RT-0581-1,test,32,95,105,173,181
BraTS-MEN-RT-0581-1,test,33,95,104,172,181
BraTS-MEN-RT-0581-1,test,34,94,106,171,182
BraTS-MEN-RT-0581-1,test,35,93,107,169,184
BraTS-MEN-RT-0581-1,test,36,93,108,168,184
BraTS-MEN-RT-0581-1,test,37,93,109,167,184
BraTS-MEN-RT-0581-1,test,38,92,110,166,184
BraTS-MEN-RT-0581-1,test,39,92,111,166,185
BraTS-MEN-RT-0581-1,test,40,92,111,166,187
BraTS-MEN-RT-0581-1,test,41,92,111,166,187
BraTS-MEN-RT-0581-1,test,42,92,111,166,187
BraTS-MEN-RT-0581-1,test,43,93,111,166,187
BraTS-MEN-RT-0581-1,test,44,94,111,166,186
BraTS-MEN-RT-0581-1,test,45,95,111,166,184
BraTS-MEN-RT-0581-1,test,46,96,111,166,181
BraTS-MEN-RT-0581-1,test,47,97,110,167,180
BraTS-MEN-RT-0581-1,test,48,99,110,168,179
BraTS-MEN-RT-0581-1,test,49,103,108,169,174
BraTS-MEN-RT-0592-1,test,81,58,65,113,120
BraTS-MEN-RT-0592-1,test,82,56,69,109,122
BraTS-MEN-RT-0592-1,test,83,56,69,109,122
BraTS-MEN-RT-0592-1,test,84,51,73,106,125
BraTS-MEN-RT-0592-1,test,85,50,75,105,127
BraTS-MEN-RT-0592-1,test,86,50,75,105,127
BraTS-MEN-RT-0592-1,test,87,50,77,102,132
BraTS-MEN-RT-0592-1,test,88,49,78,100,133
BraTS-MEN-RT-0592-1,test,89,49,78,100,133
BraTS-MEN-RT-0592-1,test,90,41,79,100,133
BraTS-MEN-RT-0592-1,test,91,42,80,98,134
BraTS-MEN-RT-0592-1,test,92,42,80,98,134
BraTS-MEN-RT-0592-1,test,93,43,80,98,134
BraTS-MEN-RT-0592-1,test,94,43,81,98,134
BraTS-MEN-RT-0592-1,test,95,43,81,98,134
BraTS-MEN-RT-0592-1,test,96,45,82,98,135
BraTS-MEN-RT-0592-1,test,97,45,82,98,134
BraTS-MEN-RT-0592-1,test,98,45,82,98,134
BraTS-MEN-RT-0592-1,test,99,47,82,98,134
BraTS-MEN-RT-0592-1,test,100,48,82,98,134
BraTS-MEN-RT-0592-1,test,101,48,82,98,134
BraTS-MEN-RT-0592-1,test,102,48,82,98,133
BraTS-MEN-RT-0592-1,test,103,50,82,98,133
BraTS-MEN-RT-0592-1,test,104,50,82,98,133
BraTS-MEN-RT-0592-1,test,105,51,82,98,133
BraTS-MEN-RT-0592-1,test,106,52,82,98,133
BraTS-MEN-RT-0592-1,test,107,52,82,98,133
BraTS-MEN-RT-0592-1,test,108,53,81,98,132
BraTS-MEN-RT-0592-1,test,109,55,80,100,132
BraTS-MEN-RT-0592-1,test,110,55,80,100,132
BraTS-MEN-RT-0592-1,test,111,56,78,100,130
BraTS-MEN-RT-0592-1,test,112,58,78,102,130
BraTS-MEN-RT-0592-1,test,113,58,78,102,130
BraTS-MEN-RT-0592-1,test,114,59,77,103,127
BraTS-MEN-RT-0592-1,test,115,60,75,106,126
BraTS-MEN-RT-0592-1,test,116,60,75,106,126
BraTS-MEN-RT-0592-1,test,117,61,72,107,124
BraTS-MEN-RT-0592-1,test,118,65,72,108,119
BraTS-MEN-RT-0592-1,test,119,65,72,108,119
BraTS-MEN-RT-0610-1,test,46,124,137,89,103
BraTS-MEN-RT-0610-1,test,47,124,137,89,103
BraTS-MEN-RT-0610-1,test,48,123,141,87,106
BraTS-MEN-RT-0610-1,test,49,121,144,84,111
BraTS-MEN-RT-0610-1,test,50,121,144,84,111
BraTS-MEN-RT-0610-1,test,51,118,148,82,112
BraTS-MEN-RT-0610-1,test,52,116,150,79,114
BraTS-MEN-RT-0610-1,test,53,116,150,79,114
BraTS-MEN-RT-0610-1,test,54,114,150,77,114
BraTS-MEN-RT-0610-1,test,55,112,151,75,116
BraTS-MEN-RT-0610-1,test,56,112,151,75,116
BraTS-MEN-RT-0610-1,test,57,111,152,73,116
BraTS-MEN-RT-0610-1,test,58,110,152,73,116
BraTS-MEN-RT-0610-1,test,59,110,152,73,116
BraTS-MEN-RT-0610-1,test,60,110,154,72,117
BraTS-MEN-RT-0610-1,test,61,109,155,71,118
BraTS-MEN-RT-0610-1,test,62,109,155,71,118
BraTS-MEN-RT-0610-1,test,63,107,155,71,119
BraTS-MEN-RT-0610-1,test,64,107,155,70,120
BraTS-MEN-RT-0610-1,test,65,107,155,70,120
BraTS-MEN-RT-0610-1,test,66,105,155,70,119
BraTS-MEN-RT-0610-1,test,67,105,155,69,119
BraTS-MEN-RT-0610-1,test,68,105,155,69,119
BraTS-MEN-RT-0610-1,test,69,105,155,69,125
BraTS-MEN-RT-0610-1,test,70,104,154,69,126
BraTS-MEN-RT-0610-1,test,71,104,154,69,126
BraTS-MEN-RT-0610-1,test,72,104,153,70,127
BraTS-MEN-RT-0610-1,test,73,104,153,70,126
BraTS-MEN-RT-0610-1,test,74,104,153,70,126
BraTS-MEN-RT-0610-1,test,75,105,153,71,125
BraTS-MEN-RT-0610-1,test,76,105,152,72,124
BraTS-MEN-RT-0610-1,test,77,105,152,72,124
BraTS-MEN-RT-0610-1,test,78,106,152,73,118
BraTS-MEN-RT-0610-1,test,79,107,152,73,117
BraTS-MEN-RT-0610-1,test,80,107,152,73,117
BraTS-MEN-RT-0610-1,test,81,106,153,73,118
BraTS-MEN-RT-0610-1,test,82,107,153,74,117
BraTS-MEN-RT-0610-1,test,83,107,153,74,117
BraTS-MEN-RT-0610-1,test,84,108,151,75,116
BraTS-MEN-RT-0610-1,test,85,109,150,76,115
BraTS-MEN-RT-0610-1,test,86,109,150,76,115
BraTS-MEN-RT-0610-1,test,87,107,149,76,114
BraTS-MEN-RT-0610-1,test,88,110,148,76,113
BraTS-MEN-RT-0610-1,test,89,110,148,76,113
BraTS-MEN-RT-0610-1,test,90,112,147,76,112
BraTS-MEN-RT-0610-1,test,91,115,146,77,111
BraTS-MEN-RT-0610-1,test,92,115,146,77,111
BraTS-MEN-RT-0610-1,test,93,118,145,78,104
BraTS-MEN-RT-0610-1,test,94,121,144,79,102
BraTS-MEN-RT-0610-1,test,95,121,144,79,102
BraTS-MEN-RT-0610-1,test,96,122,143,81,101
BraTS-MEN-RT-0610-1,test,97,123,142,82,99
BraTS-MEN-RT-0610-1,test,98,123,142,82,99
BraTS-MEN-RT-0610-1,test,99,126,139,84,95
BraTS-MEN-RT-0610-1,test,100,130,136,86,92
BraTS-MEN-RT-0610-1,test,101,130,136,86,92
